t,alpha_bar,snr,sqrt_snr,inverse_sqrt_snr,w_aux,compensated_amplification
0,0.9999105930328369,11183.810546875,105.7535400390625,0.009455948136746883,2.784320592880249,0.02632839046418667
1,0.9997317790985107,3727.270263671875,61.05137252807617,0.016379648819565773,2.784320592880249,0.04560619220137596
2,0.9994602203369141,1851.6077880859375,43.030311584472656,0.023239431902766228,2.784320592880249,0.06470602750778198
3,0.9991205334663391,1136.052978515625,33.70538330078125,0.02966885082423687,2.784320592880249,0.08260758966207504
4,0.9987010359764099,768.84423828125,27.72804069519043,0.03606457635760307,2.784320592880249,0.10041534155607224
5,0.9982019066810608,555.1446533203125,23.561508178710938,0.04244210571050644,2.784320592880249,0.11817242950201035
6,0.9976231455802917,419.72412109375,20.48716926574707,0.048811037093400955,2.784320592880249,0.13590557873249054
7,0.9969649910926819,328.4883117675781,18.12424659729004,0.05517470836639404,2.784320592880249,0.15362407267093658
8,0.9962275624275208,264.0805969238281,16.25055694580078,0.06153635308146477,2.784320592880249,0.17133693397045135
9,0.9954110383987427,216.91421508789062,14.728008270263672,0.06789784133434296,2.784320592880249,0.1890493631362915
10,0.9945155382156372,181.3332977294922,13.466005325317383,0.07426106929779053,2.784320592880249,0.20676662027835846
11,0.9935413599014282,153.83135986328125,12.402876853942871,0.0806264579296112,2.784320592880249,0.22448991239070892
12,0.99248868227005,132.13243103027344,11.494887351989746,0.0869951993227005,2.784320592880249,0.24222251772880554
13,0.9913578033447266,114.71131896972656,10.710336685180664,0.09336774796247482,2.784320592880249,0.2599657475948334
14,0.9901489019393921,100.51152801513672,10.025544166564941,0.09974520653486252,2.784320592880249,0.27772262692451477
15,0.9888622760772705,88.78495025634766,9.422576904296875,0.10612808167934418,2.784320592880249,0.29549461603164673
16,0.9874982833862305,78.989013671875,8.88757610321045,0.1125166192650795,2.784320592880249,0.3132823407649994
17,0.9860572218894958,70.72171783447266,8.40962028503418,0.11891143023967743,2.784320592880249,0.33108752965927124
18,0.9845393896102905,63.68050003051758,7.980006217956543,0.1253131926059723,2.784320592880249,0.3489120900630951
19,0.9829452037811279,57.6345329284668,7.59174108505249,0.131722092628479,2.784320592880249,0.36675652861595154
20,0.9812749624252319,52.4044303894043,7.239090442657471,0.13813890516757965,2.784320592880249,0.3846229910850525
21,0.9795291423797607,47.84993362426758,6.917364597320557,0.1445637196302414,2.784320592880249,0.40251174569129944
22,0.977708101272583,43.859344482421875,6.622638702392578,0.15099722146987915,2.784320592880249,0.4204246699810028
23,0.9758122563362122,40.34325408935547,6.3516340255737305,0.15743979811668396,2.784320592880249,0.43836286664009094
24,0.9738420248031616,37.2292594909668,6.101578235626221,0.1638920158147812,2.784320592880249,0.4563279151916504
25,0.9717980027198792,34.45848083496094,5.8701348304748535,0.17035384476184845,2.784320592880249,0.474319726228714
26,0.9696906805038452,31.993152618408203,5.656249046325684,0.1767956167459488,2.784320592880249,0.49225568771362305
27,0.9674900770187378,29.75984001159668,5.455257892608643,0.1833093911409378,2.784320592880249,0.5103921294212341
28,0.9652271866798401,27.758098602294922,5.2685956954956055,0.18980389833450317,2.784320592880249,0.5284749269485474
29,0.9628956317901611,25.951004028320312,5.094213008880615,0.1963011771440506,2.784320592880249,0.5465654134750366
30,0.9604864120483398,24.307750701904297,4.930289268493652,0.20282785594463348,2.784320592880249,0.5647377967834473
31,0.9580096006393433,22.81496810913086,4.776501655578613,0.20935824513435364,2.784320592880249,0.582920491695404
32,0.9554625153541565,21.4529972076416,4.631738185882568,0.2159016728401184,2.784320592880249,0.601139485836029
33,0.9528458118438721,20.20702362060547,4.495222091674805,0.22245842218399048,2.784320592880249,0.6193955540657043
34,0.9501600861549377,19.064239501953125,4.3662614822387695,0.2290288805961609,2.784320592880249,0.6376898288726807
35,0.947405993938446,18.013572692871094,4.244239807128906,0.23561345040798187,2.784320592880249,0.656023383140564
36,0.9445840716362,17.045352935791016,4.128602027893066,0.24221274256706238,2.784320592880249,0.6743979454040527
37,0.9416950345039368,16.15119743347168,4.018855094909668,0.24882708489894867,2.784320592880249,0.6928143501281738
38,0.938739538192749,15.323742866516113,3.914555311203003,0.2554568648338318,2.784320592880249,0.7112737894058228
39,0.935718297958374,14.556526184082031,3.8153016567230225,0.26210248470306396,2.784320592880249,0.7297773361206055
40,0.9326319098472595,13.843822479248047,3.720728874206543,0.26876455545425415,2.784320592880249,0.7483266592025757
41,0.9294812083244324,13.180617332458496,3.630511999130249,0.27544325590133667,2.784320592880249,0.7669223546981812
42,0.9262667298316956,12.562398910522461,3.5443475246429443,0.282139390707016,2.784320592880249,0.785566508769989
43,0.9229893684387207,11.985219955444336,3.461967706680298,0.28885307908058167,2.784320592880249,0.8042595982551575
44,0.9196497797966003,11.445516586303711,3.383122205734253,0.29558494687080383,2.784320592880249,0.8230032324790955
45,0.9162487983703613,10.9401273727417,3.307586431503296,0.302335262298584,2.784320592880249,0.8417983055114746
46,0.9127870202064514,10.466182708740234,3.2351479530334473,0.309104859828949,2.784320592880249,0.8606470227241516
47,0.909265398979187,10.021153450012207,3.1656205654144287,0.31589382886886597,2.784320592880249,0.8795496821403503
48,0.9056846499443054,9.602727890014648,3.0988268852233887,0.3227027654647827,2.784320592880249,0.8985079526901245
49,0.9020456075668335,9.208832740783691,3.0346059799194336,0.32953208684921265,2.784320592880249,0.9175229668617249
50,0.8983490467071533,8.837586402893066,2.9728078842163086,0.33638232946395874,2.784320592880249,0.9365962743759155
51,0.8945958018302917,8.487288475036621,2.913295030593872,0.3432539403438568,2.784320592880249,0.9557290077209473
52,0.8907867074012756,8.156394958496094,2.855940341949463,0.3501473665237427,2.784320592880249,0.9749225378036499
53,0.8869225978851318,7.843500137329102,2.8006248474121094,0.3570631742477417,2.784320592880249,0.9941783547401428
54,0.8830043077468872,7.547323226928711,2.747239112854004,0.3640018105506897,2.784320592880249,1.0134977102279663
55,0.8790327310562134,7.266698837280273,2.695681571960449,0.3709636926651001,2.784320592880249,1.0328818559646606
56,0.875008761882782,7.000560760498047,2.645857334136963,0.3779493272304535,2.784320592880249,1.0523320436477661
57,0.8709332346916199,6.747928142547607,2.59767746925354,0.38495925068855286,2.784320592880249,1.0718499422073364
58,0.8668117523193359,6.508170127868652,2.5511114597320557,0.39198601245880127,2.784320592880249,1.0914146900177002
59,0.8626393675804138,6.280106067657471,2.506013870239258,0.3990401029586792,2.784320592880249,1.111055612564087
60,0.8584073781967163,6.062514781951904,2.4622175693511963,0.40613794326782227,2.784320592880249,1.130818247795105
61,0.8541334867477417,5.855583190917969,2.4198312759399414,0.41325196623802185,2.784320592880249,1.1506259441375732
62,0.8498241901397705,5.658862113952637,2.3788363933563232,0.4203735888004303,2.784320592880249,1.1704548597335815
63,0.8454477787017822,5.4703049659729,2.3388683795928955,0.42755720019340515,2.784320592880249,1.1904562711715698
64,0.8410367369651794,5.290761470794678,2.3001654148101807,0.43475133180618286,2.784320592880249,1.2104871273040771
65,0.8365917801856995,5.119643211364746,2.262662887573242,0.44195714592933655,2.784320592880249,1.2305504083633423
66,0.8320828080177307,4.955316543579102,2.2260539531707764,0.44922539591789246,2.784320592880249,1.2507874965667725
67,0.8275418281555176,4.7985076904296875,2.190549612045288,0.4565064311027527,2.784320592880249,1.2710602283477783
68,0.8229595422744751,4.648426532745361,2.1560208797454834,0.46381738781929016,2.784320592880249,1.2914162874221802
69,0.8183367252349854,4.504690170288086,2.1224255561828613,0.47115904092788696,2.784320592880249,1.31185781955719
70,0.8136745095252991,4.366952419281006,2.0897254943847656,0.47853174805641174,2.784320592880249,1.332385778427124
71,0.8089737892150879,4.234883785247803,2.0578832626342773,0.4859362244606018,2.784320592880249,1.3530021905899048
72,0.8042355179786682,4.108179092407227,2.0268642902374268,0.49337294697761536,2.784320592880249,1.3737084865570068
73,0.7994607090950012,3.986553907394409,1.9966356754302979,0.5008425116539001,2.779636859893799,1.3921602964401245
74,0.7946503162384033,3.8697421550750732,1.9671660661697388,0.5083454847335815,2.7386105060577393,1.3921602964401245
75,0.7898053526878357,3.757495164871216,1.938425898551941,0.5158824920654297,2.6985995769500732,1.3921602964401245
76,0.78492671251297,3.6495778560638428,1.9103868007659912,0.5234541893005371,2.659564733505249,1.3921602964401245
77,0.7800155282020569,3.5457754135131836,1.8830229043960571,0.5310609936714172,2.621469736099243,1.3921602964401245
78,0.7750790119171143,3.4460058212280273,1.856342077255249,0.5386938452720642,2.5842783451080322,1.3921347856521606
79,0.7700991034507751,3.3497002124786377,1.8302186727523804,0.5463827848434448,2.5479576587677,1.392160177230835
80,0.7650959491729736,3.2570571899414062,1.804731845855713,0.5540989637374878,2.5124759674072266,1.3921602964401245
81,0.7600640654563904,3.1677792072296143,1.7798255681991577,0.5618528127670288,2.4778025150299072,1.3921602964401245
82,0.7550045847892761,3.081709146499634,1.7554796934127808,0.5696448683738708,2.443909168243408,1.3921602964401245
83,0.7499254941940308,2.9988081455230713,1.7317067384719849,0.5774649977684021,2.4107673168182373,1.3921337127685547
84,0.7448064088821411,2.918593645095825,1.708389163017273,0.5853466987609863,2.3783514499664307,1.392160177230835
85,0.739673376083374,2.8413281440734863,1.6856240034103394,0.5932521224021912,2.3466365337371826,1.3921470642089844
86,0.7345094084739685,2.7666118144989014,1.6633135080337524,0.6012095808982849,2.315598964691162,1.3921602964401245
87,0.7293263077735901,2.6944854259490967,1.641488790512085,0.609203040599823,2.2852156162261963,1.3921602964401245
88,0.7241215109825134,2.624784231185913,1.6201186180114746,0.6172387599945068,2.255464792251587,1.3921602964401245
89,0.7188959121704102,2.557401180267334,1.5991876125335693,0.6253175139427185,2.226325511932373,1.3921602964401245
90,0.7136505842208862,2.492236852645874,1.5786819458007812,0.633439838886261,2.1977782249450684,1.3921602964401245
91,0.7083864212036133,2.4291956424713135,1.558587670326233,0.6416065096855164,2.1698038578033447,1.3921602964401245
92,0.7031044960021973,2.3681883811950684,1.5388919115066528,0.6498182415962219,2.1423842906951904,1.392160415649414
93,0.6978057026863098,2.309129238128662,1.519581913948059,0.658075749874115,2.115501642227173,1.3921602964401245
94,0.6924910545349121,2.2519378662109375,1.5006458759307861,0.6663797497749329,2.089139699935913,1.392160415649414
95,0.6871615052223206,2.196537494659424,1.4820719957351685,0.6747310757637024,2.063281774520874,1.3921602964401245
96,0.6818180084228516,2.142855405807495,1.4638495445251465,0.6831303238868713,2.0379133224487305,1.392160415649414
97,0.6764615774154663,2.09082293510437,1.4459677934646606,0.6915783286094666,2.013018846511841,1.392160177230835
98,0.6710931658744812,2.040374755859375,1.4284168481826782,0.7000757455825806,1.9885852336883545,1.3921602964401245
99,0.6657136082649231,1.9914469718933105,1.4111863374710083,0.7086236476898193,1.9645975828170776,1.3921602964401245
100,0.6603240370750427,1.9439822435379028,1.3942676782608032,0.7172223925590515,1.9410440921783447,1.3921602964401245
101,0.6549252271652222,1.8979226350784302,1.3776510953903198,0.7258731722831726,1.917911171913147,1.3921602964401245
102,0.6495182514190674,1.8532155752182007,1.3613286018371582,0.7345765233039856,1.8951876163482666,1.3921602964401245
103,0.6441039443016052,1.8098092079162598,1.3452914953231812,0.7433333396911621,1.872861385345459,1.3921602964401245
104,0.6386832594871521,1.7676547765731812,1.3295317888259888,0.752144455909729,1.850921392440796,1.3921602964401245
105,0.6332571506500244,1.7267061471939087,1.3140418529510498,0.7610107660293579,1.8293569087982178,1.3921602964401245
106,0.6278265118598938,1.6869189739227295,1.2988144159317017,0.7699329257011414,1.8081578016281128,1.392160177230835
107,0.6223921775817871,1.6482502222061157,1.2838419675827026,0.7789120674133301,1.7873138189315796,1.3921602964401245
108,0.6169551610946655,1.610660433769226,1.2691179513931274,0.7879488468170166,1.7668156623840332,1.392160415649414
109,0.6115217804908752,1.5741468667984009,1.2546501159667969,0.7970349788665771,1.7466541528701782,1.3921444416046143
110,0.6060765385627747,1.5385642051696777,1.2403887510299683,0.8061988353729248,1.7268199920654297,1.3921602964401245
111,0.6006366610527039,1.5039855241775513,1.226370930671692,0.8154139518737793,1.7073049545288086,1.3921602964401245
112,0.5951976180076599,1.4703412055969238,1.2125762701034546,0.8246904015541077,1.6881005764007568,1.3921602964401245
113,0.5897657871246338,1.4376318454742432,1.1990128755569458,0.8340194225311279,1.6691988706588745,1.3921443223953247
114,0.5843253135681152,1.4057273864746094,1.1856337785720825,0.843430757522583,1.6505922079086304,1.392160177230835
115,0.578893780708313,1.3746978044509888,1.1724750995635986,0.8528965711593628,1.6322733163833618,1.3921602964401245
116,0.573466420173645,1.344481348991394,1.159517765045166,0.8624274730682373,1.6142345666885376,1.3921602964401245
117,0.568044126033783,1.3150513172149658,1.146756887435913,0.872024416923523,1.5964694023132324,1.3921602964401245
118,0.5626276731491089,1.286381483078003,1.1341875791549683,0.8816883563995361,1.5789709091186523,1.3921602964401245
119,0.5572212338447571,1.2584642171859741,1.1218129396438599,0.891414225101471,1.5617327690124512,1.3921507596969604
120,0.5518155694007874,1.2312242984771729,1.1096054315567017,0.9012212753295898,1.5447486639022827,1.392160415649414
121,0.546421468257904,1.204689860343933,1.0975836515426636,0.9110922813415527,1.5280123949050903,1.3921602964401245
122,0.5410364270210266,1.1788221597671509,1.08573579788208,0.9210343956947327,1.5115182399749756,1.3921602964401245
123,0.5356611609458923,1.153599739074707,1.0740575790405273,0.9310488104820251,1.4952603578567505,1.392160415649414
124,0.5302965641021729,1.1290029287338257,1.0625455379486084,0.9411361217498779,1.479233741760254,1.3921602964401245
125,0.5249431729316711,1.1050113439559937,1.0511951446533203,0.951298177242279,1.4634321928024292,1.392160415649414
126,0.5196019411087036,1.0816071033477783,1.0400034189224243,0.9615352749824524,1.4478514194488525,1.392160177230835
127,0.514273464679718,1.0587716102600098,1.0289663076400757,0.9718491435050964,1.4324860572814941,1.3921602964401245
128,0.5089585185050964,1.0364878177642822,1.018080472946167,0.982240617275238,1.4173312187194824,1.3921602964401245
129,0.5036578178405762,1.0147391557693481,1.0073425769805908,0.9927109479904175,1.4023823738098145,1.3921602964401245
130,0.4983757734298706,0.9935241341590881,0.9967567920684814,1.0032538175582886,1.3876348733901978,1.3921499252319336
131,0.4931018650531769,0.9727829098701477,0.9862975478172302,1.0138927698135376,1.373084306716919,1.3921602964401245
132,0.4878480136394501,0.9525454640388489,0.9759843349456787,1.0246065855026245,1.3587266206741333,1.3921602964401245
133,0.48261111974716187,0.9327821731567383,0.9658064842224121,1.035404086112976,1.3445574045181274,1.392160177230835
134,0.4773946702480316,0.9134899377822876,0.9557666778564453,1.0462805032730103,1.3305728435516357,1.3921524286270142
135,0.47219088673591614,0.8946242928504944,0.9458457827568054,1.0572547912597656,1.3167688846588135,1.392160177230835
136,0.4670087993144989,0.8762036561965942,0.9360575079917908,1.0683103799819946,1.3031420707702637,1.392160177230835
137,0.461846262216568,0.8582050204277039,0.9263935685157776,1.079454779624939,1.2896883487701416,1.3921602964401245
138,0.4567038416862488,0.840616762638092,0.9168515205383301,1.0906891822814941,1.2764042615890503,1.3921602964401245
139,0.4515855312347412,0.8234384059906006,0.9074350595474243,1.102007269859314,1.2632864713668823,1.39215087890625
140,0.446481853723526,0.806625485420227,0.8981233239173889,1.1134328842163086,1.2503316402435303,1.392160415649414
141,0.4414033889770508,0.7902006506919861,0.8889322876930237,1.124945044517517,1.2375361919403076,1.392160177230835
142,0.43634745478630066,0.7741426825523376,0.8798537850379944,1.1365524530410767,1.2248975038528442,1.3921602964401245
143,0.4313196837902069,0.7584572434425354,0.8708944916725159,1.1482447385787964,1.212411880493164,1.3921455144882202
144,0.4263051152229309,0.7430868148803711,0.8620248436927795,1.1600593328475952,1.200076699256897,1.392160177230835
145,0.4213198125362396,0.7280702590942383,0.8532703518867493,1.1719615459442139,1.1878890991210938,1.3921602964401245
146,0.41635915637016296,0.7133825421333313,0.8446197509765625,1.183964729309082,1.1758460998535156,1.3921602964401245
147,0.41142359375953674,0.6990147233009338,0.8360710144042969,1.196070671081543,1.1639448404312134,1.3921602964401245
148,0.40651363134384155,0.6849586367607117,0.8276222944259644,1.2082806825637817,1.152182936668396,1.392160415649414
149,0.401629775762558,0.6712061762809753,0.8192717432975769,1.220596194267273,1.1405576467514038,1.3921602964401245
150,0.39677247405052185,0.6577492952346802,0.8110174536705017,1.2330191135406494,1.1290663480758667,1.392160415649414
151,0.39194217324256897,0.6445804238319397,0.8028576374053955,1.2455508708953857,1.117706537246704,1.3921602964401245
152,0.38713937997817993,0.6316923499107361,0.7947907447814941,1.258192777633667,1.106476068496704,1.392160177230835
153,0.3823644518852234,0.6190778017044067,0.7868149876594543,1.2709468603134155,1.0953725576400757,1.3921602964401245
154,0.37761783599853516,0.6067298650741577,0.7789286375045776,1.2838146686553955,1.0843935012817383,1.3921602964401245
155,0.37289997935295105,0.5946419835090637,0.7711303234100342,1.2967976331710815,1.073536992073059,1.392160177230835
156,0.3682112395763397,0.5828075408935547,0.7634183168411255,1.309897780418396,1.062800645828247,1.392160177230835
157,0.3635520040988922,0.5712202787399292,0.755791187286377,1.3231167793273926,1.0521824359893799,1.392160177230835
158,0.35892266035079956,0.5598741769790649,0.7482473850250244,1.3364564180374146,1.0416803359985352,1.392160415649414
159,0.3543235659599304,0.5487633347511292,0.7407855987548828,1.349918246269226,1.0312923192977905,1.3921602964401245
160,0.34975504875183105,0.5378819704055786,0.7334043979644775,1.3635042905807495,1.0210164785385132,1.3921602964401245
161,0.3452196717262268,0.5272297263145447,0.7261058688163757,1.3772096633911133,1.0108509063720703,1.3921536207199097
162,0.34071117639541626,0.5167859196662903,0.7188782095909119,1.3910561800003052,1.0007938146591187,1.392160415649414
163,0.33623647689819336,0.5065606236457825,0.7117307186126709,1.4050257205963135,0.9908433556556702,1.392160415649414
164,0.3317936360836029,0.49654367566108704,0.704658567905426,1.4191269874572754,0.9809976816177368,1.3921602964401245
165,0.32738298177719116,0.48673015832901,0.697660505771637,1.4333618879318237,0.971255362033844,1.392160415649414
166,0.3230047821998596,0.47711530327796936,0.6907353401184082,1.4477324485778809,0.9616143107414246,1.3921602964401245
167,0.3186592757701874,0.4676944613456726,0.6838818788528442,1.4622408151626587,0.9520732760429382,1.392160415649414
168,0.3143467903137207,0.45846325159072876,0.6770991683006287,1.4768885374069214,0.9426305890083313,1.3921602964401245
169,0.3100675046443939,0.4494171738624573,0.6703858375549316,1.491678237915039,0.9332846403121948,1.392160415649414
170,0.3058216869831085,0.4405520558357239,0.6637409329414368,1.506611943244934,0.9240338802337646,1.3921605348587036
171,0.3016095459461212,0.4318637549877167,0.6571634411811829,1.5216914415359497,0.9148769378662109,1.392160415649414
172,0.2974313199520111,0.42334839701652527,0.650652289390564,1.5369192361831665,0.9058123826980591,1.3921605348587036
173,0.2932871878147125,0.41500192880630493,0.6442064046859741,1.5522974729537964,0.8968386650085449,1.392160415649414
174,0.2891773581504822,0.406820684671402,0.6378249526023865,1.5678282976150513,0.887954592704773,1.3921602964401245
175,0.285101979970932,0.39880093932151794,0.6315068602561951,1.5835140943527222,0.8791587948799133,1.3921602964401245
176,0.28106123208999634,0.39093902707099915,0.6252511739730835,1.5993572473526,0.870449960231781,1.392160415649414
177,0.2770552933216095,0.38323163986206055,0.6190570592880249,1.6153600215911865,0.8618267178535461,1.392160415649414
178,0.27308428287506104,0.3756752908229828,0.6129235625267029,1.6315248012542725,0.853287935256958,1.392160415649414
179,0.2691483795642853,0.368266761302948,0.6068498492240906,1.6478540897369385,0.8448322415351868,1.3921602964401245
180,0.2652476727962494,0.3610028624534607,0.6008351445198059,1.6643500328063965,0.8364588022232056,1.392160177230835
181,0.26138463616371155,0.35388463735580444,0.5948820114135742,1.681005597114563,0.8281660676002502,1.3921518325805664
182,0.25755229592323303,0.3468962013721466,0.5889789462089539,1.6978535652160645,0.819953203201294,1.392160415649414
183,0.25375789403915405,0.340047687292099,0.5831360816955566,1.7148655652999878,0.8118188977241516,1.3921602964401245
184,0.2499990463256836,0.3333316445350647,0.5773488283157349,1.7320551872253418,0.8037621378898621,1.392160415649414
185,0.2462759166955948,0.3267454504966736,0.571616530418396,1.7494245767593384,0.7957818508148193,1.3921602964401245
186,0.24258853495121002,0.3202863335609436,0.5659384727478027,1.7669764757156372,0.787877082824707,1.3921602964401245
187,0.23893697559833527,0.31395161151885986,0.560313880443573,1.7847139835357666,0.7800467610359192,1.392160415649414
188,0.2353212684392929,0.3077387511730194,0.5547420382499695,1.8026396036148071,0.7722898125648499,1.392160177230835
189,0.23174145817756653,0.3016451299190521,0.5492222905158997,1.820756435394287,0.7646055221557617,1.392160415649414
190,0.22819757461547852,0.2956683933734894,0.543753981590271,1.839066982269287,0.7569926977157593,1.3921602964401245
191,0.22469006478786469,0.2898067831993103,0.5383370518684387,1.857572317123413,0.7494505643844604,1.3921586275100708
192,0.2212180495262146,0.2840564548969269,0.5329694747924805,1.8762800693511963,0.7419781684875488,1.39215886592865
193,0.217781662940979,0.2784154415130615,0.5276508927345276,1.8951925039291382,0.7345746159553528,1.3921602964401245
194,0.214381605386734,0.2728826105594635,0.5223816633224487,1.9143091440200806,0.7272390127182007,1.3921602964401245
195,0.21101748943328857,0.26745522022247314,0.5171607136726379,1.933634877204895,0.719970703125,1.392160415649414
196,0.2076892852783203,0.26213109493255615,0.5119873881340027,1.9531731605529785,0.7127686142921448,1.3921605348587036
197,0.20439697802066803,0.25690823793411255,0.50686115026474,1.9729268550872803,0.7056320309638977,1.392160415649414
198,0.20114050805568695,0.2517845928668976,0.5017814040184021,1.9928996562957764,0.6985602378845215,1.392160415649414
199,0.1979198455810547,0.24675819277763367,0.49674761295318604,2.013094663619995,0.6915522813796997,1.392160177230835
200,0.19473491609096527,0.2418271005153656,0.49175918102264404,2.033515691757202,0.6846076250076294,1.3921602964401245
201,0.19158567488193512,0.23698945343494415,0.4868156313896179,2.054165840148926,0.6777253746986389,1.3921602964401245
202,0.18847203254699707,0.23224341869354248,0.4819163978099823,2.0750486850738525,0.6709049344062805,1.392160415649414
203,0.18539519608020782,0.22758911550045013,0.47706300020217896,2.0961592197418213,0.6641454100608826,1.392154574394226
204,0.18235129117965698,0.22301910817623138,0.47224900126457214,2.1175270080566406,0.6574463248252869,1.3921602964401245
205,0.1793452352285385,0.21853920817375183,0.4674817621707916,2.1391208171844482,0.6508067846298218,1.392154335975647
206,0.17637194693088531,0.21414028108119965,0.46275293827056885,2.160980224609375,0.6442262530326843,1.392160177230835
207,0.1734350472688675,0.2098262757062912,0.45806798338890076,2.183082103729248,0.637704074382782,1.3921602964401245
208,0.1705331951379776,0.2055937498807907,0.45342448353767395,2.2054388523101807,0.6312395334243774,1.392160177230835
209,0.1676662564277649,0.20144113898277283,0.44882193207740784,2.228055000305176,0.6248320937156677,1.3921602964401245
210,0.16483409702777863,0.1973668932914734,0.4442599415779114,2.250934362411499,0.6184810996055603,1.392160415649414
211,0.16203661262989044,0.1933695524930954,0.43973803520202637,2.274081230163574,0.6121858954429626,1.392160415649414
212,0.1592736542224884,0.18944767117500305,0.43525585532188416,2.297499179840088,0.6059459447860718,1.3921602964401245
213,0.15654617547988892,0.1856013536453247,0.4308147430419922,2.321183443069458,0.5997607111930847,1.392154574394226
214,0.15385068953037262,0.18182452023029327,0.4264088571071625,2.3451671600341797,0.5936295390129089,1.3921605348587036
215,0.1511904001235962,0.17812050879001617,0.4220432639122009,2.3694252967834473,0.5875518918037415,1.3921602964401245
216,0.14856402575969696,0.1744864284992218,0.41771572828292847,2.393972635269165,0.5815272331237793,1.3921602964401245
217,0.1459713876247406,0.1709209680557251,0.41342589259147644,2.4188132286071777,0.575555145740509,1.392160415649414
218,0.14341232180595398,0.167422816157341,0.4091733396053314,2.4439520835876465,0.5696349143981934,1.392160415649414
219,0.14088666439056396,0.163990780711174,0.40495774149894714,2.469393491744995,0.5637660622596741,1.3921602964401245
220,0.13839420676231384,0.16062358021736145,0.40077871084213257,2.4951424598693848,0.5579482316970825,1.3921602964401245
221,0.13593478500843048,0.1573200523853302,0.39663591980934143,2.5212037563323975,0.552180826663971,1.392160415649414
222,0.13350868225097656,0.15407966077327728,0.39252981543540955,2.547577142715454,0.5464633107185364,1.3921574354171753
223,0.13111425936222076,0.15089930593967438,0.38845759630203247,2.5742835998535156,0.5407952666282654,1.392160415649414
224,0.12875275313854218,0.14777980744838715,0.38442137837409973,2.6013121604919434,0.5351762771606445,1.3921605348587036
225,0.12642349302768707,0.1447194218635559,0.380420058965683,2.6286730766296387,0.5296057462692261,1.392160415649414
226,0.12412625551223755,0.1417170614004135,0.3764532804489136,2.6563720703125,0.5240833163261414,1.3921602964401245
227,0.12186084687709808,0.1387716829776764,0.37252071499824524,2.6844143867492676,0.518608570098877,1.3921602964401245
228,0.11962702870368958,0.1358822137117386,0.3686220347881317,2.71280574798584,0.5131809711456299,1.3921602964401245
229,0.11742459982633591,0.1330476701259613,0.3647570013999939,2.741551160812378,0.507800281047821,1.392160415649414
230,0.11525332182645798,0.13026702404022217,0.36092522740364075,2.7706570625305176,0.5024657845497131,1.392160415649414
231,0.11311298608779907,0.12753933668136597,0.35712650418281555,2.800128221511841,0.497177392244339,1.392160415649414
232,0.11100390553474426,0.12486433237791061,0.35336148738861084,2.829963207244873,0.4919344186782837,1.3921563625335693
233,0.10892517119646072,0.12224020808935165,0.34962865710258484,2.860177516937256,0.4867366850376129,1.3921533823013306
234,0.10687623172998428,0.11966564506292343,0.34592723846435547,2.8907814025878906,0.48158371448516846,1.392153263092041
235,0.10485710203647614,0.11714006960391998,0.3422573208808899,2.9217782020568848,0.4764750599861145,1.3921544551849365
236,0.10286776721477509,0.11466288566589355,0.33861908316612244,2.9531707763671875,0.4714104235172272,1.3921555280685425
237,0.10090824216604233,0.11223352700471878,0.3350127339363098,2.9849612712860107,0.4663894474506378,1.3921544551849365
238,0.09897706657648087,0.10984966903924942,0.33143576979637146,3.0171759128570557,0.461411714553833,1.3921602964401245
239,0.09707567095756531,0.10751252621412277,0.3278910219669342,3.0497937202453613,0.4564768970012665,1.392160415649414
240,0.09520304948091507,0.10522034764289856,0.3243768513202667,3.082834005355835,0.4515845775604248,1.3921602964401245
241,0.09335893392562866,0.10297232121229172,0.3208930194377899,3.1163034439086914,0.4467345178127289,1.3921602964401245
242,0.09154307097196579,0.10076764971017838,0.3174391984939575,3.150209665298462,0.4419263005256653,1.3921605348587036
243,0.08975521475076675,0.09860558062791824,0.31401526927948,3.184558629989624,0.43715959787368774,1.392160415649414
244,0.0879962220788002,0.09648668766021729,0.31062304973602295,3.2193360328674316,0.43243408203125,1.392150640487671
245,0.08626245707273483,0.09440616518259048,0.3072558641433716,3.2546164989471436,0.4277494251728058,1.3921602964401245
246,0.08455703407526016,0.09236734360456467,0.3039199709892273,3.290339946746826,0.4231053292751312,1.392160415649414
247,0.08287857472896576,0.09036815911531448,0.3006129860877991,3.326536178588867,0.41850146651268005,1.3921602964401245
248,0.08122679591178894,0.08840788900852203,0.2973346412181854,3.3632140159606934,0.4139374792575836,1.3921602964401245
249,0.07960145175457001,0.086485855281353,0.2940847873687744,3.4003798961639404,0.4094131588935852,1.3921602964401245
250,0.07800225913524628,0.08460135757923126,0.29086312651634216,3.4380431175231934,0.4049280881881714,1.392160177230835
251,0.07642895728349686,0.0827537402510643,0.28766950964927673,3.4762113094329834,0.40048205852508545,1.3921602964401245
252,0.07488127797842026,0.08094234019517899,0.28450366854667664,3.514893054962158,0.39607474207878113,1.392160415649414
253,0.07335896044969559,0.07916653156280518,0.2813654839992523,3.554096221923828,0.39170584082603455,1.3921602964401245
254,0.07186171412467957,0.07742565870285034,0.2782546579837799,3.593830108642578,0.3873750865459442,1.3921602964401245
255,0.0703892856836319,0.07571909576654434,0.27517104148864746,3.634103298187256,0.38308221101760864,1.3921602964401245
256,0.0689413920044899,0.07404624670743942,0.2721143960952759,3.6749250888824463,0.37882688641548157,1.392160415649414
257,0.06751777976751328,0.07240650802850723,0.2690845727920532,3.716303825378418,0.3746088445186615,1.3921602964401245
258,0.06611815840005875,0.07079927623271942,0.2660813331604004,3.758249282836914,0.3704278767108917,1.3921602964401245
259,0.06474265456199646,0.06922443211078644,0.2631053626537323,3.8007586002349854,0.36628368496894836,1.3921558856964111
260,0.06338983029127121,0.06768006086349487,0.2601539194583893,3.8438782691955566,0.36217594146728516,1.392160177230835
261,0.06206057220697403,0.06616692990064621,0.2572293281555176,3.8875815868377686,0.35810449719429016,1.392160415649414
262,0.0607546791434288,0.06468456983566284,0.2543316185474396,3.9318745136260986,0.35406896471977234,1.3921546936035156
263,0.0594705231487751,0.06323090195655823,0.251457542181015,3.9768145084381104,0.35006919503211975,1.3921602964401245
264,0.05820918828248978,0.06180691719055176,0.2486099749803543,4.022364616394043,0.34804007411003113,1.3999440670013428
265,0.05696995183825493,0.06041159853339195,0.24578770995140076,4.068551540374756,0.34804007411003113,1.4160189628601074
266,0.05575254186987877,0.05904441699385643,0.24299056828022003,4.115386009216309,0.34804007411003113,1.4323192834854126
267,0.05455668643116951,0.0577048733830452,0.240218386054039,4.162878513336182,0.34804007411003113,1.4488486051559448
268,0.05338223651051521,0.056392598897218704,0.23747125267982483,4.211036205291748,0.34804007411003113,1.4656093120574951
269,0.052228573709726334,0.055106718093156815,0.23474819958209991,4.259883403778076,0.34804007411003113,1.4826101064682007
270,0.05109577998518944,0.053847141563892365,0.2320498675107956,4.309418678283691,0.34804007411003113,1.4998503923416138
271,0.049983467906713486,0.052613258361816406,0.22937579452991486,4.3596577644348145,0.34804007411003113,1.5173356533050537
272,0.048891372978687286,0.05140461400151253,0.22672586143016815,4.410613059997559,0.34804007411003113,1.5350700616836548
273,0.04781923070549965,0.05022075027227402,0.22409985959529877,4.462296485900879,0.34804007411003113,1.5530580282211304
274,0.04676677659153938,0.049061208963394165,0.22149765491485596,4.514720439910889,0.34804007411003113,1.5713036060333252
275,0.04573411867022514,0.04792597144842148,0.2189200073480606,4.567878723144531,0.34804007411003113,1.5898048877716064
276,0.0447198785841465,0.04681336507201195,0.21636396646499634,4.621841907501221,0.34804007411003113,1.6085861921310425
277,0.0437249094247818,0.04572419449687004,0.21383216977119446,4.676564693450928,0.34804007411003113,1.6276319026947021
278,0.0427485816180706,0.0446576327085495,0.21132352948188782,4.732080936431885,0.34804007411003113,1.646953821182251
279,0.04179063439369202,0.0436132587492466,0.20883788168430328,4.788403511047363,0.34804007411003113,1.6665563583374023
280,0.040850814431905746,0.0425906777381897,0.2063750922679901,4.845545768737793,0.34804007411003113,1.6864441633224487
281,0.0399288609623909,0.04158947989344597,0.20393498241901398,4.9035234451293945,0.34804007411003113,1.7066227197647095
282,0.03902478143572807,0.040609560906887054,0.20151813328266144,4.962332725524902,0.34804007411003113,1.72709059715271
283,0.03813755139708519,0.03964969515800476,0.19912230968475342,5.02203893661499,0.34804007411003113,1.7478708028793335
284,0.03726768493652344,0.0387103296816349,0.19674940407276154,5.082607746124268,0.34804007411003113,1.768951177597046
285,0.036414679139852524,0.03779082000255585,0.19439861178398132,5.144069671630859,0.34804007411003113,1.7903423309326172
286,0.03557828813791275,0.036890801042318344,0.19206978380680084,5.2064409255981445,0.34804007411003113,1.8120501041412354
287,0.03475826233625412,0.036009903997182846,0.18976275622844696,5.26973819732666,0.34804007411003113,1.8340801000595093
288,0.033954598009586334,0.03514803573489189,0.18747809529304504,5.333956241607666,0.34804007411003113,1.8564305305480957
289,0.03316633030772209,0.034304071217775345,0.1852135807275772,5.399172306060791,0.34804007411003113,1.879128336906433
290,0.032393939793109894,0.03347843885421753,0.18297113478183746,5.465342998504639,0.34804007411003113,1.9021583795547485
291,0.03163694590330124,0.03267054259777069,0.18074993789196014,5.532505512237549,0.34804007411003113,1.925533652305603
292,0.030895162373781204,0.031880103051662445,0.17855000495910645,5.600671768188477,0.34804007411003113,1.9492582082748413
293,0.030168205499649048,0.03110663592815399,0.1763707399368286,5.669874668121338,0.34804007411003113,1.9733436107635498
294,0.029455987736582756,0.03034997545182705,0.17421244084835052,5.740118026733398,0.34804007411003113,1.997791051864624
295,0.028758227825164795,0.02960975095629692,0.1720748394727707,5.811424732208252,0.34804007411003113,2.022608757019043
296,0.028074700385332108,0.028885655105113983,0.16995780169963837,5.883813381195068,0.34804007411003113,2.0478029251098633
297,0.02740517072379589,0.028177374973893166,0.1678611785173416,5.957303524017334,0.34804007411003113,2.073380470275879
298,0.026749419048428535,0.02748461626470089,0.16578485071659088,6.031914234161377,0.34804007411003113,2.0993478298187256
299,0.026107218116521835,0.02680707536637783,0.16372866928577423,6.107666015625,0.34804007411003113,2.1257126331329346
300,0.02547852136194706,0.02614464797079563,0.16169306635856628,6.18455696105957,0.34804007411003113,2.1524736881256104
301,0.024862587451934814,0.02549649588763714,0.1596762239933014,6.262673377990723,0.34804007411003113,2.179661273956299
302,0.024259723722934723,0.02486289106309414,0.1576797068119049,6.341969966888428,0.34804007411003113,2.2072596549987793
303,0.023669535294175148,0.024243364110589027,0.15570281445980072,6.422491550445557,0.34804007411003113,2.2352843284606934
304,0.023091813549399376,0.023637648671865463,0.1537453979253769,6.5042595863342285,0.34804007411003113,2.2637429237365723
305,0.022526346147060394,0.023045476526021957,0.15180736780166626,6.5872955322265625,0.34804007411003113,2.292642831802368
306,0.021972976624965668,0.022466635331511497,0.14988873898983002,6.671615123748779,0.34804007411003113,2.3219895362854004
307,0.021431343629956245,0.021900704130530357,0.14798887073993683,6.757265090942383,0.34804007411003113,2.3517990112304688
308,0.020901396870613098,0.021347591653466225,0.14610815048217773,6.844244956970215,0.34804007411003113,2.3820714950561523
309,0.02038288302719593,0.020806988701224327,0.14424628019332886,6.932587623596191,0.34804007411003113,2.412818193435669
310,0.01987561210989952,0.02027866244316101,0.14240317046642303,7.022315502166748,0.34804007411003113,2.444047212600708
311,0.019379356876015663,0.01976233907043934,0.14057858288288116,7.11345911026001,0.34804007411003113,2.475768804550171
312,0.018893985077738762,0.019257841631770134,0.1387726217508316,7.2060322761535645,0.34804007411003113,2.5079879760742188
313,0.01841919496655464,0.018764827400445938,0.13698476552963257,7.300081729888916,0.34804007411003113,2.5407209396362305
314,0.01795489527285099,0.018283167853951454,0.13521526753902435,7.3956146240234375,0.34804007411003113,2.573970317840576
315,0.0175008624792099,0.01781259849667549,0.13346384465694427,7.492665767669678,0.34804007411003113,2.607748031616211
316,0.017056914046406746,0.01735290139913559,0.13173040747642517,7.591261863708496,0.34804007411003113,2.6420633792877197
317,0.016622859984636307,0.016903849318623543,0.1300148069858551,7.691431522369385,0.34804007411003113,2.676926374435425
318,0.01619870215654373,0.01646541990339756,0.12831765413284302,7.7931599617004395,0.34804007411003113,2.712332010269165
319,0.015783725306391716,0.01603684574365616,0.12663666903972626,7.896606922149658,0.34804007411003113,2.748335599899292
320,0.015378287062048912,0.01561847236007452,0.12497388571500778,8.00167179107666,0.34804007411003113,2.784902334213257
321,0.014982031658291817,0.015209906734526157,0.12332844734191895,8.108428955078125,0.34804007411003113,2.8220582008361816
322,0.014594790525734425,0.014810953289270401,0.12170025706291199,8.216909408569336,0.34804007411003113,2.859813690185547
323,0.014216390438377857,0.014421410858631134,0.12008918076753616,8.327144622802734,0.34804007411003113,2.8981800079345703
324,0.013846664689481258,0.014041086658835411,0.11849509179592133,8.439167976379395,0.34804007411003113,2.937168598175049
325,0.013485446572303772,0.013669789768755436,0.11691787838935852,8.553011894226074,0.34804007411003113,2.9767909049987793
326,0.013132574036717415,0.013307333923876286,0.1153574213385582,8.668709754943848,0.34804007411003113,3.0170583724975586
327,0.012787885032594204,0.012953532859683037,0.11381358653306961,8.786296844482422,0.34804007411003113,3.0579833984375
328,0.01245122030377388,0.012608207762241364,0.112286277115345,8.905807495117188,0.34804007411003113,3.0995779037475586
329,0.012122423388063908,0.01227117981761694,0.11077535897493362,9.027277946472168,0.34804007411003113,3.1418545246124268
330,0.011801406741142273,0.011942343786358833,0.1092810332775116,9.150718688964844,0.34804007411003113,3.184816837310791
331,0.011487816460430622,0.011621320620179176,0.10780222713947296,9.276246070861816,0.34804007411003113,3.2285053730010986
332,0.011181704699993134,0.011308149434626102,0.10633978247642517,9.403818130493164,0.34804007411003113,3.2729055881500244
333,0.010882854461669922,0.01100259367376566,0.10489325225353241,9.533501625061035,0.34804007411003113,3.318040609359741
334,0.010591122321784496,0.010704495012760162,0.10346253216266632,9.665334701538086,0.34804007411003113,3.3639237880706787
335,0.010306362994015217,0.010413690470159054,0.10204748809337616,9.799359321594238,0.34804007411003113,3.410569667816162
336,0.010028436779975891,0.010130024515092373,0.10064802318811417,9.935614585876465,0.34804007411003113,3.4579920768737793
337,0.009757202118635178,0.009853343479335308,0.09926401078701019,10.07414436340332,0.34804007411003113,3.5062060356140137
338,0.009492628276348114,0.009583601728081703,0.09789587557315826,10.214935302734375,0.34804007411003113,3.555206775665283
339,0.009234266355633736,0.009320332668721676,0.0965418666601181,10.358200073242188,0.34804007411003113,3.6050686836242676
340,0.008982297033071518,0.00906371045857668,0.09520351886749268,10.503813743591309,0.34804007411003113,3.655748128890991
341,0.008736484684050083,0.008813483640551567,0.09388015419244766,10.651878356933594,0.34804007411003113,3.7072806358337402
342,0.008496700786054134,0.008569513447582722,0.0925716683268547,10.802441596984863,0.34804007411003113,3.7596826553344727
343,0.008262818679213524,0.0083316620439291,0.09127794206142426,10.955549240112305,0.34804007411003113,3.8129701614379883
344,0.008034713566303253,0.008099793456494808,0.08999885618686676,11.111252784729004,0.34804007411003113,3.867161273956299
345,0.007812267169356346,0.00787377916276455,0.08873432129621506,11.269596099853516,0.34804007411003113,3.9222710132598877
346,0.00759534677490592,0.007653477601706982,0.08748415857553482,11.430641174316406,0.34804007411003113,3.9783213138580322
347,0.007383853662759066,0.00743878073990345,0.08624836802482605,11.594422340393066,0.34804007411003113,4.035323619842529
348,0.007177644409239292,0.00722953537479043,0.08502667397260666,11.761014938354492,0.34804007411003113,4.093304634094238
349,0.006976627279073,0.007025642320513725,0.08381910622119904,11.93045425415039,0.34804007411003113,4.152276039123535
350,0.006780682131648064,0.006826973520219326,0.08262550085783005,12.102801322937012,0.34804007411003113,4.212259769439697
351,0.006589697673916817,0.0066334097646176815,0.08144574612379074,12.278112411499023,0.34804007411003113,4.273275375366211
352,0.006403624080121517,0.0064448947086930275,0.08028010278940201,12.45638656616211,0.34804007411003113,4.33532190322876
353,0.006222179625183344,0.006261137779802084,0.07912734895944595,12.637855529785156,0.34804007411003113,4.39847993850708
354,0.006045433692634106,0.006082203239202499,0.07798848301172256,12.822405815124512,0.34804007411003113,4.462710857391357
355,0.0058732288889586926,0.0059079271741211414,0.07686304301023483,13.010153770446777,0.34804007411003113,4.528054714202881
356,0.005705452058464289,0.005738191306591034,0.07575085014104843,13.201171875,0.34804007411003113,4.594536781311035
357,0.00554201565682888,0.005572901107370853,0.07465186715126038,13.395512580871582,0.34804007411003113,4.662175178527832
358,0.005382881034165621,0.00541201326996088,0.07356638461351395,13.593165397644043,0.34804007411003113,4.730966091156006
359,0.005227813962846994,0.005255287513136864,0.07249335944652557,13.794366836547852,0.34804007411003113,4.800992488861084
360,0.005076755303889513,0.00510266050696373,0.07143291085958481,13.999149322509766,0.34804007411003113,4.872264862060547
361,0.004929704591631889,0.004954127129167318,0.07038556039333344,14.207459449768066,0.34804007411003113,4.944765090942383
362,0.00478651886805892,0.004809539765119553,0.06935084611177444,14.419434547424316,0.34804007411003113,5.018540859222412
363,0.004647126886993647,0.004668823443353176,0.06832879036664963,14.635119438171387,0.34804007411003113,5.0936079025268555
364,0.004511388950049877,0.0045318338088691235,0.06731889396905899,14.854670524597168,0.34804007411003113,5.170020580291748
365,0.004379271063953638,0.00439853360876441,0.06632144004106522,15.078080177307129,0.34804007411003113,5.247776031494141
366,0.004250672645866871,0.0042688180692493916,0.0653361901640892,15.305453300476074,0.34804007411003113,5.326910972595215
367,0.0041255103424191475,0.004142600577324629,0.0643630400300026,15.536867141723633,0.34804007411003113,5.407452583312988
368,0.004003703594207764,0.004019797779619694,0.06340187788009644,15.772403717041016,0.34804007411003113,5.489428520202637
369,0.003885178593918681,0.003900331910699606,0.062452636659145355,16.012134552001953,0.34804007411003113,5.572864532470703
370,0.00376984104514122,0.003784106345847249,0.06151508912444115,16.256174087524414,0.34804007411003113,5.657800197601318
371,0.003657631343230605,0.003671058686450124,0.0605892613530159,16.504575729370117,0.34804007411003113,5.744253635406494
372,0.0035485012922436,0.00356113794259727,0.059675272554159164,16.757360458374023,0.34804007411003113,5.83223295211792
373,0.0034422806929796934,0.0034541708882898092,0.058772195130586624,17.014848709106445,0.34804007411003113,5.921849250793457
374,0.003338994923979044,0.0033501810394227505,0.05788074806332588,17.276901245117188,0.34804007411003113,6.013053894042969
375,0.0032385413069278,0.0032490636222064495,0.05700055882334709,17.54368782043457,0.34804007411003113,6.1059064865112305
376,0.0031408509239554405,0.003150746924802661,0.0561315156519413,17.815303802490234,0.34804007411003113,6.200439453125
377,0.0030458562541753054,0.0030551617965102196,0.05527351796627045,18.091846466064453,0.34804007411003113,6.296687602996826
378,0.0029534909408539534,0.002962239785119891,0.05442646145820618,18.373414993286133,0.34804007411003113,6.394684791564941
379,0.002863690722733736,0.0028719149995595217,0.05359024927020073,18.660110473632812,0.34804007411003113,6.494466304779053
380,0.002776424866169691,0.0027841548435389996,0.05276509001851082,18.95192527770996,0.34804007411003113,6.596029281616211
381,0.0026915320195257664,0.00269879586994648,0.051949936896562576,19.24930191040039,0.34804007411003113,6.699528694152832
382,0.0026090508326888084,0.0026158757973462343,0.051145631819963455,19.552011489868164,0.34804007411003113,6.8048834800720215
383,0.002528888639062643,0.0025353000964969397,0.050351765006780624,19.86027717590332,0.34804007411003113,6.912172317504883
384,0.0024509872309863567,0.002457009395584464,0.04956822842359543,20.174213409423828,0.34804007411003113,7.021434783935547
385,0.0023752895649522543,0.002380945021286607,0.048794928938150406,20.493932723999023,0.34804007411003113,7.132709980010986
386,0.002301739761605859,0.0023070499300956726,0.0480317585170269,20.81955909729004,0.34804007411003113,7.2460408210754395
387,0.0022302833385765553,0.002235268708318472,0.04727862775325775,21.151206970214844,0.34804007411003113,7.3614678382873535
388,0.002160866977646947,0.0021655464079231024,0.0465354323387146,21.489002227783203,0.34804007411003113,7.479033946990967
389,0.0020934385247528553,0.0020978301763534546,0.045802075415849686,21.833072662353516,0.34804007411003113,7.598784446716309
390,0.002027946524322033,0.0020320673938840628,0.04507845640182495,22.18354606628418,0.34804007411003113,7.720763206481934
391,0.0019643413834273815,0.001968207536265254,0.04436448588967323,22.540552139282227,0.34804007411003113,7.845015525817871
392,0.00190257397480309,0.0019062006613239646,0.043660059571266174,22.90422821044922,0.34804007411003113,7.971589088439941
393,0.0018425968009978533,0.0018459982238709927,0.042965080589056015,23.274715423583984,0.34804007411003113,8.100533485412598
394,0.001784378895536065,0.0017875685589388013,0.042279645800590515,23.652042388916016,0.34804007411003113,8.231858253479004
395,0.0017278268933296204,0.0017308174865320325,0.04160309582948685,24.036672592163086,0.34804007411003113,8.36572551727295
396,0.0016729439375922084,0.0016757473349571228,0.04093589261174202,24.42844009399414,0.34804007411003113,8.502076148986816
397,0.0016196705400943756,0.0016222981503233314,0.040277764201164246,24.827594757080078,0.34804007411003113,8.640997886657715
398,0.0015679640928283334,0.0015704265097156167,0.03962860628962517,25.234296798706055,0.34804007411003113,8.782546997070312
399,0.0015177843160927296,0.0015200914349406958,0.038988351821899414,25.648685455322266,0.34804007411003113,8.926770210266113
400,0.0014690863899886608,0.0014712477568536997,0.03835684806108475,26.070964813232422,0.34804007411003113,9.07374095916748
401,0.00142183480784297,0.0014238592702895403,0.03773406147956848,26.50125503540039,0.34804007411003113,9.223498344421387
402,0.0013759892899543047,0.0013778852298855782,0.037119876593351364,26.93974494934082,0.34804007411003113,9.376111030578613
403,0.0013315174728631973,0.001333292806521058,0.0365142822265625,27.38654327392578,0.34804007411003113,9.531614303588867
404,0.001288366038352251,0.0012900280999019742,0.03591696172952652,27.841999053955078,0.34804007411003113,9.690131187438965
405,0.0012465150794014335,0.0012480708537623286,0.03532804548740387,28.306123733520508,0.34804007411003113,9.851665496826172
406,0.0012059238506481051,0.0012073798570781946,0.034747373312711716,28.77915382385254,0.34804007411003113,10.0162992477417
407,0.0011665580095723271,0.0011679205344989896,0.034174852073192596,29.261281967163086,0.34804007411003113,10.184099197387695
408,0.0011283840285614133,0.0011296586599200964,0.03361039608716965,29.75269889831543,0.34804007411003113,10.355131149291992
409,0.0010913689620792866,0.001092561287805438,0.033053915947675705,30.25360107421875,0.34804007411003113,10.529465675354004
410,0.0010554931359365582,0.0010566083947196603,0.03250551223754883,30.764013290405273,0.34804007411003113,10.707109451293945
411,0.0010206884471699595,0.0010217312956228852,0.031964533030986786,31.2846736907959,0.34804007411003113,10.888319969177246
412,0.000986961298622191,0.0009879362769424915,0.03143145516514778,31.815261840820312,0.34804007411003113,11.072985649108887
413,0.0009542697807773948,0.0009551812545396388,0.030906006693840027,32.356170654296875,0.34804007411003113,11.26124382019043
414,0.0009225847898051143,0.0009234367171302438,0.030388101935386658,32.907615661621094,0.34804007411003113,11.453168869018555
415,0.0008918780367821455,0.0008926742011681199,0.02987765334546566,33.46982955932617,0.34804007411003113,11.648841857910156
416,0.0008621219894848764,0.0008628658833913505,0.029374578967690468,34.04304122924805,0.34804007411003113,11.848342895507812
417,0.0008332898141816258,0.0008339847554452717,0.028878794983029366,34.62748336791992,0.34804007411003113,12.051752090454102
418,0.0008053552592173219,0.0008060043910518289,0.02839021570980549,35.22340393066406,0.34804007411003113,12.259156227111816
419,0.0007782927132211626,0.0007788989460095763,0.02790876105427742,35.8310432434082,0.34804007411003113,12.4706392288208
420,0.0007520818035118282,0.0007526478730142117,0.02743442915380001,36.4505500793457,0.34804007411003113,12.68625259399414
421,0.0007266848697327077,0.0007272133370861411,0.026966894045472145,37.08250427246094,0.34804007411003113,12.906197547912598
422,0.0007020916091278195,0.0007025848608464003,0.026506317779421806,37.72685623168945,0.34804007411003113,13.130457878112793
423,0.0006782745476812124,0.000678734912071377,0.02605254203081131,38.38397216796875,0.34804007411003113,13.359160423278809
424,0.0006552111590281129,0.0006556407315656543,0.02560548298060894,39.054134368896484,0.34804007411003113,13.592403411865234
425,0.0006328796152956784,0.0006332804332487285,0.02516506426036358,39.73762893676758,0.34804007411003113,13.830286979675293
426,0.0006112586124800146,0.0006116324802860618,0.02473120391368866,40.434749603271484,0.34804007411003113,14.07291316986084
427,0.0005903273704461753,0.000590676034335047,0.024303827434778214,41.145782470703125,0.34804007411003113,14.320381164550781
428,0.0005700656329281628,0.0005703907809220254,0.023882854729890823,41.87104034423828,0.34804007411003113,14.572799682617188
429,0.0005504537839442492,0.0005507569294422865,0.02346821129322052,42.61083221435547,0.34804007411003113,14.830277442932129
430,0.0005314726149663329,0.0005317552131600678,0.023059818893671036,43.365474700927734,0.34804007411003113,15.092923164367676
431,0.0005131034995429218,0.0005133668892085552,0.022657601162791252,44.13529968261719,0.34804007411003113,15.36085319519043
432,0.0004953282186761498,0.0004955736803822219,0.0222614835947752,44.92063522338867,0.34804007411003113,15.634181022644043
433,0.00047812910634092987,0.00047835783334448934,0.02187139354646206,45.721824645996094,0.34804007411003113,15.913026809692383
434,0.0004614908539224416,0.0004617039521690458,0.021487297490239143,46.53912353515625,0.34804007411003113,16.197479248046875
435,0.00044539623195305467,0.0004455947200767696,0.021109115332365036,47.37289810180664,0.34804007411003113,16.487667083740234
436,0.000429819046985358,0.00043000385630875826,0.020736534148454666,48.22406768798828,0.34804007411003113,16.78390884399414
437,0.00041475711623206735,0.000414929207181558,0.020369810983538628,49.09225845336914,0.34804007411003113,17.08607292175293
438,0.00040018983418121934,0.00040035005076788366,0.02000875025987625,49.97813415527344,0.34804007411003113,17.394393920898438
439,0.00038610221236012876,0.00038625134038738906,0.019653277471661568,50.88209915161133,0.34804007411003113,17.709009170532227
440,0.00037247961154207587,0.00037261840770952404,0.019303325563669205,51.80454635620117,0.34804007411003113,18.030057907104492
441,0.00035930785816162825,0.0003594369918573648,0.01895882375538349,52.745887756347656,0.34804007411003113,18.357683181762695
442,0.0003465731570031494,0.00034669332671910524,0.018619703128933907,53.70655059814453,0.34804007411003113,18.692031860351562
443,0.0003342621203046292,0.00033437387901358306,0.01828589290380478,54.68696594238281,0.34804007411003113,19.03325653076172
444,0.00032236165134236217,0.00032246558112092316,0.017957326024770737,55.68758010864258,0.34804007411003113,19.38150978088379
445,0.0003108590899500996,0.0003109557437710464,0.017633937299251556,56.708831787109375,0.34804007411003113,19.73694610595703
446,0.0002997421252075583,0.00029983199783600867,0.017315657809376717,57.751197814941406,0.34804007411003113,20.0997314453125
447,0.0002889987372327596,0.0002890822943300009,0.017002420499920845,58.815155029296875,0.34804007411003113,20.47003173828125
448,0.0002786173135973513,0.0002786949626170099,0.01669416017830372,59.901187896728516,0.34804007411003113,20.848012924194336
449,0.00026858816272579134,0.0002686603111214936,0.016390860080718994,61.009613037109375,0.34804007411003113,21.233789443969727
450,0.0002588964707683772,0.0002589635259937495,0.016092343255877495,62.141353607177734,0.34804007411003113,21.627681732177734
451,0.00024953324464149773,0.00024959552683867514,0.015798592939972878,63.296775817871094,0.34804007411003113,22.029813766479492
452,0.00024048969498835504,0.00024054755340330303,0.015509595163166523,64.4762191772461,0.34804007411003113,22.4403076171875
453,0.00023175467504188418,0.00023180840071290731,0.01522525493055582,65.68034362792969,0.34804007411003113,22.859392166137695
454,0.00022331839136313647,0.0002233682753285393,0.01494550984352827,66.90972900390625,0.34804007411003113,23.287267684936523
455,0.00021517134155146778,0.00021521764574572444,0.014670298434793949,68.1649398803711,0.34804007411003113,23.724130630493164
456,0.00020730429969262332,0.0002073472860502079,0.014399558305740356,69.44657135009766,0.34804007411003113,24.170188903808594
457,0.00019970833091065288,0.00019974823226220906,0.014133231714367867,70.7552261352539,0.34804007411003113,24.625654220581055
458,0.00019237471860833466,0.00019241173868067563,0.01387125626206398,72.09152221679688,0.34804007411003113,25.09073829650879
459,0.00018529502267483622,0.00018532936519477516,0.013613573275506496,73.45610046386719,0.34804007411003113,25.56566619873047
460,0.00017846105038188398,0.00017849290452431887,0.013360124081373215,74.84960174560547,0.34804007411003113,26.050661087036133
461,0.00017186485638376325,0.00017189439677167684,0.013110850006341934,76.272705078125,0.34804007411003113,26.545957565307617
462,0.000165498728165403,0.00016552612942177802,0.012865696102380753,77.72606658935547,0.34804007411003113,27.051786422729492
463,0.00015935518604237586,0.0001593805936863646,0.012624602764844894,79.21041107177734,0.34804007411003113,27.568397521972656
464,0.00015342695405706763,0.00015345049905590713,0.012387514114379883,80.72644805908203,0.34804007411003113,28.096038818359375
465,0.0001477069890825078,0.0001477288024034351,0.012154373340308666,82.27490997314453,0.34804007411003113,28.634965896606445
466,0.000142188451718539,0.00014220867888070643,0.011925128288567066,83.85653686523438,0.34804007411003113,29.185436248779297
467,0.00013686474994756281,0.00013688347826246172,0.011699721217155457,85.47212219238281,0.34804007411003113,29.747724533081055
468,0.0001317294081673026,0.00013174676860217005,0.011478099972009659,87.1224365234375,0.34804007411003113,30.322099685668945
469,0.0001267762272618711,0.00012679230712819844,0.011260208673775196,88.80830383300781,0.34804007411003113,30.90884780883789
470,0.00012199914635857567,0.00012201403296785429,0.011045996099710464,90.5305404663086,0.34804007411003113,31.508256912231445
471,0.00011739232286345214,0.00011740611080313101,0.010835410095751286,92.29000091552734,0.34804007411003113,32.1206169128418
472,0.00011295007425360382,0.0001129628362832591,0.010628397576510906,94.08756256103516,0.34804007411003113,32.74624252319336
473,0.00010866688535315916,0.00010867869423236698,0.010424907319247723,95.92411041259766,0.34804007411003113,33.385433197021484
474,0.000104538667073939,0.0001045495955622755,0.010224949568510056,97.79999542236328,0.34804007411003113,34.0383186340332
475,0.00010055655002361163,0.00010056666360469535,0.0100282933562994,99.71786499023438,0.34804007411003113,34.705814361572266
476,9.671922452980652e-05,9.672858141129836e-05,0.009835069067776203,101.67697143554688,0.34804007411003113,35.38766098022461
477,9.302068065153435e-05,9.302933904109523e-05,0.009645171463489532,103.67881774902344,0.34804007411003113,36.08438491821289
478,8.945596346165985e-05,8.946396701503545e-05,0.009458539076149464,105.72457122802734,0.34804007411003113,36.79638671875
479,8.602112211519852e-05,8.602852176409215e-05,0.009275156073272228,107.81489562988281,0.34804007411003113,37.523902893066406
480,8.271064143627882e-05,8.271748811239377e-05,0.009094915352761745,109.95154571533203,0.34804007411003113,38.26754379272461
481,7.952125451993197e-05,7.95275773270987e-05,0.008917823433876038,112.1349868774414,0.34804007411003113,39.027469635009766
482,7.644850120414048e-05,7.645435107406229e-05,0.008743817918002605,114.36651611328125,0.34804007411003113,39.80413055419922
483,7.348836516030133e-05,7.349376392085105e-05,0.008572850376367569,116.6473159790039,0.34804007411003113,40.59794235229492
484,7.063696830300614e-05,7.064195960992947e-05,0.008404877036809921,118.9785385131836,0.34804007411003113,41.409297943115234
485,6.789056351408362e-05,6.789517647121102e-05,0.00823985319584608,121.36138916015625,0.34804007411003113,42.23862838745117
486,6.524551281472668e-05,6.524976924993098e-05,0.008077733218669891,123.79710388183594,0.34804007411003113,43.08635330200195
487,6.269829464145005e-05,6.27022236585617e-05,0.007918473333120346,126.28697204589844,0.34804007411003113,43.95292663574219
488,6.02455111220479e-05,6.024914182489738e-05,0.0077620320953428745,128.83224487304688,0.34804007411003113,44.838783264160156
489,5.788386260974221e-05,5.788721318822354e-05,0.007608364801853895,131.4342803955078,0.34804007411003113,45.7443962097168
490,5.561016223509796e-05,5.561325451708399e-05,0.00745742954313755,134.09446716308594,0.34804007411003113,46.670249938964844
491,5.3421328630065545e-05,5.3424180805450305e-05,0.00730918487533927,136.8141632080078,0.34804007411003113,47.6168098449707
492,5.1314375014044344e-05,5.131700891070068e-05,0.007163588888943195,139.59483337402344,0.34804007411003113,48.5845947265625
493,4.928641646984033e-05,4.928884663968347e-05,0.007020601537078619,142.4379425048828,0.34804007411003113,49.57411193847656
494,4.733466630568728e-05,4.733690730063245e-05,0.006880182307213545,145.34498596191406,0.34804007411003113,50.585880279541016
495,4.5456417865352705e-05,4.545848423731513e-05,0.006742290686815977,148.3175506591797,0.34804007411003113,51.620452880859375
496,4.3649066356010735e-05,4.365097265690565e-05,0.0066068884916603565,151.357177734375,0.34804007411003113,52.67836380004883
497,4.191008338239044e-05,4.1911840526154265e-05,0.006473935674875975,154.46554565429688,0.34804007411003113,53.76020050048828
498,4.023703149869107e-05,4.023865039926022e-05,0.006343394052237272,157.64431762695312,0.34804007411003113,54.866539001464844
499,3.8627549656666815e-05,3.862904122797772e-05,0.006215226370841265,160.8951873779297,0.34804007411003113,55.99797439575195
