t,component,control_norm,candidate_norm,ratio,w_aux,gradient_cosine
83,epsilon,0.018836691975593567,0.018836691975593567,1.0,2.4107673168182373,1.0000001192092896
83,ramp,0.006844701711088419,0.016500983387231827,2.4107673473192013,2.4107673168182373,1.0
83,shape,0.007632698863744736,0.0184006467461586,2.410765454610235,2.4107673168182373,0.9999999403953552
83,slow,0.011161844246089458,0.02690860815346241,2.4107672137505247,2.4107673168182373,0.9999999403953552
83,auxiliary,0.0025810888037085533,0.006222403142601252,2.410766779376515,2.4107673168182373,
250,epsilon,0.019258860498666763,0.019258860498666763,1.0,0.4049280881881714,1.000000238418579
250,ramp,0.041769251227378845,0.01691354438662529,0.4049281203187771,0.4049280881881714,1.0
250,shape,0.23526039719581604,0.09526354819536209,0.4049281108544192,0.4049280881881714,0.9999999403953552
250,slow,0.09709440916776657,0.03931630775332451,0.40492864718287763,0.4049280881881714,0.9999998807907104
250,auxiliary,0.03971794247627258,0.016082921996712685,0.40492837730254,0.4049280881881714,
416,epsilon,0.004964505322277546,0.004964505322277546,1.0,0.34804007411003113,0.9999999403953552
416,ramp,0.5536331534385681,0.192686527967453,0.34804008172323764,0.34804007411003113,1.0
416,shape,2.3857743740081787,0.8303452134132385,0.34804012586413674,0.34804007411003113,0.9999999403953552
416,slow,2.4028584957122803,0.8362913727760315,0.34804020888801,0.34804007411003113,1.0000001192092896
416,auxiliary,0.5493389964103699,0.19119201600551605,0.3480401305111259,0.34804007411003113,
