t,w_aux
0,2.784320592880249
1,2.784320592880249
2,2.784320592880249
3,2.784320592880249
4,2.784320592880249
5,2.784320592880249
6,2.784320592880249
7,2.784320592880249
8,2.784320592880249
9,2.784320592880249
10,2.784320592880249
11,2.784320592880249
12,2.784320592880249
13,2.784320592880249
14,2.784320592880249
15,2.784320592880249
16,2.784320592880249
17,2.784320592880249
18,2.784320592880249
19,2.784320592880249
20,2.784320592880249
21,2.784320592880249
22,2.784320592880249
23,2.784320592880249
24,2.784320592880249
25,2.784320592880249
26,2.784320592880249
27,2.784320592880249
28,2.784320592880249
29,2.784320592880249
30,2.784320592880249
31,2.784320592880249
32,2.784320592880249
33,2.784320592880249
34,2.784320592880249
35,2.784320592880249
36,2.784320592880249
37,2.784320592880249
38,2.784320592880249
39,2.784320592880249
40,2.784320592880249
41,2.784320592880249
42,2.784320592880249
43,2.784320592880249
44,2.784320592880249
45,2.784320592880249
46,2.784320592880249
47,2.784320592880249
48,2.784320592880249
49,2.784320592880249
50,2.784320592880249
51,2.784320592880249
52,2.784320592880249
53,2.784320592880249
54,2.784320592880249
55,2.784320592880249
56,2.784320592880249
57,2.784320592880249
58,2.784320592880249
59,2.784320592880249
60,2.784320592880249
61,2.784320592880249
62,2.784320592880249
63,2.784320592880249
64,2.784320592880249
65,2.784320592880249
66,2.784320592880249
67,2.784320592880249
68,2.784320592880249
69,2.784320592880249
70,2.784320592880249
71,2.784320592880249
72,2.784320592880249
73,2.779636859893799
74,2.7386105060577393
75,2.6985995769500732
76,2.659564733505249
77,2.621469736099243
78,2.5842783451080322
79,2.5479576587677
80,2.5124759674072266
81,2.4778025150299072
82,2.443909168243408
83,2.4107673168182373
84,2.3783514499664307
85,2.3466365337371826
86,2.315598964691162
87,2.2852156162261963
88,2.255464792251587
89,2.226325511932373
90,2.1977782249450684
91,2.1698038578033447
92,2.1423842906951904
93,2.115501642227173
94,2.089139699935913
95,2.063281774520874
96,2.0379133224487305
97,2.013018846511841
98,1.9885852336883545
99,1.9645975828170776
100,1.9410440921783447
101,1.917911171913147
102,1.8951876163482666
103,1.872861385345459
104,1.850921392440796
105,1.8293569087982178
106,1.8081578016281128
107,1.7873138189315796
108,1.7668156623840332
109,1.7466541528701782
110,1.7268199920654297
111,1.7073049545288086
112,1.6881005764007568
113,1.6691988706588745
114,1.6505922079086304
115,1.6322733163833618
116,1.6142345666885376
117,1.5964694023132324
118,1.5789709091186523
119,1.5617327690124512
120,1.5447486639022827
121,1.5280123949050903
122,1.5115182399749756
123,1.4952603578567505
124,1.479233741760254
125,1.4634321928024292
126,1.4478514194488525
127,1.4324860572814941
128,1.4173312187194824
129,1.4023823738098145
130,1.3876348733901978
131,1.373084306716919
132,1.3587266206741333
133,1.3445574045181274
134,1.3305728435516357
135,1.3167688846588135
136,1.3031420707702637
137,1.2896883487701416
138,1.2764042615890503
139,1.2632864713668823
140,1.2503316402435303
141,1.2375361919403076
142,1.2248975038528442
143,1.212411880493164
144,1.200076699256897
145,1.1878890991210938
146,1.1758460998535156
147,1.1639448404312134
148,1.152182936668396
149,1.1405576467514038
150,1.1290663480758667
151,1.117706537246704
152,1.106476068496704
153,1.0953725576400757
154,1.0843935012817383
155,1.073536992073059
156,1.062800645828247
157,1.0521824359893799
158,1.0416803359985352
159,1.0312923192977905
160,1.0210164785385132
161,1.0108509063720703
162,1.0007938146591187
163,0.9908433556556702
164,0.9809976816177368
165,0.971255362033844
166,0.9616143107414246
167,0.9520732760429382
168,0.9426305890083313
169,0.9332846403121948
170,0.9240338802337646
171,0.9148769378662109
172,0.9058123826980591
173,0.8968386650085449
174,0.887954592704773
175,0.8791587948799133
176,0.870449960231781
177,0.8618267178535461
178,0.853287935256958
179,0.8448322415351868
180,0.8364588022232056
181,0.8281660676002502
182,0.819953203201294
183,0.8118188977241516
184,0.8037621378898621
185,0.7957818508148193
186,0.787877082824707
187,0.7800467610359192
188,0.7722898125648499
189,0.7646055221557617
190,0.7569926977157593
191,0.7494505643844604
192,0.7419781684875488
193,0.7345746159553528
194,0.7272390127182007
195,0.719970703125
196,0.7127686142921448
197,0.7056320309638977
198,0.6985602378845215
199,0.6915522813796997
200,0.6846076250076294
201,0.6777253746986389
202,0.6709049344062805
203,0.6641454100608826
204,0.6574463248252869
205,0.6508067846298218
206,0.6442262530326843
207,0.637704074382782
208,0.6312395334243774
209,0.6248320937156677
210,0.6184810996055603
211,0.6121858954429626
212,0.6059459447860718
213,0.5997607111930847
214,0.5936295390129089
215,0.5875518918037415
216,0.5815272331237793
217,0.575555145740509
218,0.5696349143981934
219,0.5637660622596741
220,0.5579482316970825
221,0.552180826663971
222,0.5464633107185364
223,0.5407952666282654
224,0.5351762771606445
225,0.5296057462692261
226,0.5240833163261414
227,0.518608570098877
228,0.5131809711456299
229,0.507800281047821
230,0.5024657845497131
231,0.497177392244339
232,0.4919344186782837
233,0.4867366850376129
234,0.48158371448516846
235,0.4764750599861145
236,0.4714104235172272
237,0.4663894474506378
238,0.461411714553833
239,0.4564768970012665
240,0.4515845775604248
241,0.4467345178127289
242,0.4419263005256653
243,0.43715959787368774
244,0.43243408203125
245,0.4277494251728058
246,0.4231053292751312
247,0.41850146651268005
248,0.4139374792575836
249,0.4094131588935852
250,0.4049280881881714
251,0.40048205852508545
252,0.39607474207878113
253,0.39170584082603455
254,0.3873750865459442
255,0.38308221101760864
256,0.37882688641548157
257,0.3746088445186615
258,0.3704278767108917
259,0.36628368496894836
260,0.36217594146728516
261,0.35810449719429016
262,0.35406896471977234
263,0.35006919503211975
264,0.34804007411003113
265,0.34804007411003113
266,0.34804007411003113
267,0.34804007411003113
268,0.34804007411003113
269,0.34804007411003113
270,0.34804007411003113
271,0.34804007411003113
272,0.34804007411003113
273,0.34804007411003113
274,0.34804007411003113
275,0.34804007411003113
276,0.34804007411003113
277,0.34804007411003113
278,0.34804007411003113
279,0.34804007411003113
280,0.34804007411003113
281,0.34804007411003113
282,0.34804007411003113
283,0.34804007411003113
284,0.34804007411003113
285,0.34804007411003113
286,0.34804007411003113
287,0.34804007411003113
288,0.34804007411003113
289,0.34804007411003113
290,0.34804007411003113
291,0.34804007411003113
292,0.34804007411003113
293,0.34804007411003113
294,0.34804007411003113
295,0.34804007411003113
296,0.34804007411003113
297,0.34804007411003113
298,0.34804007411003113
299,0.34804007411003113
300,0.34804007411003113
301,0.34804007411003113
302,0.34804007411003113
303,0.34804007411003113
304,0.34804007411003113
305,0.34804007411003113
306,0.34804007411003113
307,0.34804007411003113
308,0.34804007411003113
309,0.34804007411003113
310,0.34804007411003113
311,0.34804007411003113
312,0.34804007411003113
313,0.34804007411003113
314,0.34804007411003113
315,0.34804007411003113
316,0.34804007411003113
317,0.34804007411003113
318,0.34804007411003113
319,0.34804007411003113
320,0.34804007411003113
321,0.34804007411003113
322,0.34804007411003113
323,0.34804007411003113
324,0.34804007411003113
325,0.34804007411003113
326,0.34804007411003113
327,0.34804007411003113
328,0.34804007411003113
329,0.34804007411003113
330,0.34804007411003113
331,0.34804007411003113
332,0.34804007411003113
333,0.34804007411003113
334,0.34804007411003113
335,0.34804007411003113
336,0.34804007411003113
337,0.34804007411003113
338,0.34804007411003113
339,0.34804007411003113
340,0.34804007411003113
341,0.34804007411003113
342,0.34804007411003113
343,0.34804007411003113
344,0.34804007411003113
345,0.34804007411003113
346,0.34804007411003113
347,0.34804007411003113
348,0.34804007411003113
349,0.34804007411003113
350,0.34804007411003113
351,0.34804007411003113
352,0.34804007411003113
353,0.34804007411003113
354,0.34804007411003113
355,0.34804007411003113
356,0.34804007411003113
357,0.34804007411003113
358,0.34804007411003113
359,0.34804007411003113
360,0.34804007411003113
361,0.34804007411003113
362,0.34804007411003113
363,0.34804007411003113
364,0.34804007411003113
365,0.34804007411003113
366,0.34804007411003113
367,0.34804007411003113
368,0.34804007411003113
369,0.34804007411003113
370,0.34804007411003113
371,0.34804007411003113
372,0.34804007411003113
373,0.34804007411003113
374,0.34804007411003113
375,0.34804007411003113
376,0.34804007411003113
377,0.34804007411003113
378,0.34804007411003113
379,0.34804007411003113
380,0.34804007411003113
381,0.34804007411003113
382,0.34804007411003113
383,0.34804007411003113
384,0.34804007411003113
385,0.34804007411003113
386,0.34804007411003113
387,0.34804007411003113
388,0.34804007411003113
389,0.34804007411003113
390,0.34804007411003113
391,0.34804007411003113
392,0.34804007411003113
393,0.34804007411003113
394,0.34804007411003113
395,0.34804007411003113
396,0.34804007411003113
397,0.34804007411003113
398,0.34804007411003113
399,0.34804007411003113
400,0.34804007411003113
401,0.34804007411003113
402,0.34804007411003113
403,0.34804007411003113
404,0.34804007411003113
405,0.34804007411003113
406,0.34804007411003113
407,0.34804007411003113
408,0.34804007411003113
409,0.34804007411003113
410,0.34804007411003113
411,0.34804007411003113
412,0.34804007411003113
413,0.34804007411003113
414,0.34804007411003113
415,0.34804007411003113
416,0.34804007411003113
417,0.34804007411003113
418,0.34804007411003113
419,0.34804007411003113
420,0.34804007411003113
421,0.34804007411003113
422,0.34804007411003113
423,0.34804007411003113
424,0.34804007411003113
425,0.34804007411003113
426,0.34804007411003113
427,0.34804007411003113
428,0.34804007411003113
429,0.34804007411003113
430,0.34804007411003113
431,0.34804007411003113
432,0.34804007411003113
433,0.34804007411003113
434,0.34804007411003113
435,0.34804007411003113
436,0.34804007411003113
437,0.34804007411003113
438,0.34804007411003113
439,0.34804007411003113
440,0.34804007411003113
441,0.34804007411003113
442,0.34804007411003113
443,0.34804007411003113
444,0.34804007411003113
445,0.34804007411003113
446,0.34804007411003113
447,0.34804007411003113
448,0.34804007411003113
449,0.34804007411003113
450,0.34804007411003113
451,0.34804007411003113
452,0.34804007411003113
453,0.34804007411003113
454,0.34804007411003113
455,0.34804007411003113
456,0.34804007411003113
457,0.34804007411003113
458,0.34804007411003113
459,0.34804007411003113
460,0.34804007411003113
461,0.34804007411003113
462,0.34804007411003113
463,0.34804007411003113
464,0.34804007411003113
465,0.34804007411003113
466,0.34804007411003113
467,0.34804007411003113
468,0.34804007411003113
469,0.34804007411003113
470,0.34804007411003113
471,0.34804007411003113
472,0.34804007411003113
473,0.34804007411003113
474,0.34804007411003113
475,0.34804007411003113
476,0.34804007411003113
477,0.34804007411003113
478,0.34804007411003113
479,0.34804007411003113
480,0.34804007411003113
481,0.34804007411003113
482,0.34804007411003113
483,0.34804007411003113
484,0.34804007411003113
485,0.34804007411003113
486,0.34804007411003113
487,0.34804007411003113
488,0.34804007411003113
489,0.34804007411003113
490,0.34804007411003113
491,0.34804007411003113
492,0.34804007411003113
493,0.34804007411003113
494,0.34804007411003113
495,0.34804007411003113
496,0.34804007411003113
497,0.34804007411003113
498,0.34804007411003113
499,0.34804007411003113
