data_type,node_id,reported_capacity_mw,unit_sum_capacity_mw,capacity_difference_mw,capacity_candidate_mw,capacity_status,unit_count
wind,9,877.35,877.35,0.0,877.35,confirmed_reported_equals_unit_sum,7
wind,10,498.9,498.9,0.0,498.9,confirmed_reported_equals_unit_sum,6
wind,11,354.7,354.7,0.0,354.7,confirmed_reported_equals_unit_sum,2
wind,12,714.6999999999999,714.6999999999999,0.0,714.6999999999999,confirmed_reported_equals_unit_sum,9
wind,13,265.6,265.6,0.0,265.6,confirmed_reported_equals_unit_sum,2
wind,14,539.5,539.5,0.0,539.5,confirmed_reported_equals_unit_sum,7
wind,15,495.6,495.6,0.0,495.6,confirmed_reported_equals_unit_sum,2
wind,16,513.0,513.0,0.0,513.0,confirmed_reported_equals_unit_sum,6
wind,17,262.0,262.0,0.0,262.0,confirmed_reported_equals_unit_sum,4
wind,18,250.0,250.0,0.0,250.0,confirmed_reported_equals_unit_sum,2
wind,19,99.0,99.0,0.0,99.0,confirmed_reported_equals_unit_sum,1
wind,20,99.4,99.4,0.0,99.4,confirmed_reported_equals_unit_sum,2
wind,21,79.5,79.5,0.0,79.5,confirmed_reported_equals_unit_sum,1
wind,22,936.2,936.2,0.0,936.2,confirmed_reported_equals_unit_sum,8
wind,23,449.5,449.5,0.0,449.5,confirmed_reported_equals_unit_sum,7
wind,25,365.9,365.9,0.0,365.9,confirmed_reported_equals_unit_sum,5
wind,26,463.0,463.0,0.0,463.0,confirmed_reported_equals_unit_sum,5
wind,27,308.9,308.9,0.0,308.9,confirmed_reported_equals_unit_sum,3
wind,28,374.8,374.8,0.0,374.8,confirmed_reported_equals_unit_sum,5
wind,29,218.5,218.5,0.0,218.5,confirmed_reported_equals_unit_sum,3
wind,30,48.0,48.0,0.0,48.0,confirmed_reported_equals_unit_sum,1
wind,31,658.5,434.0,224.5,,blocked_reported_unit_sum_conflict,3
wind,32,48.0,48.0,0.0,48.0,confirmed_reported_equals_unit_sum,1
wind,33,366.5,366.5,0.0,366.5,confirmed_reported_equals_unit_sum,3
wind,34,216.6,216.6,0.0,216.6,confirmed_reported_equals_unit_sum,4
wind,36,200.0,200.0,0.0,200.0,confirmed_reported_equals_unit_sum,2
wind,37,200.0,200.0,0.0,200.0,confirmed_reported_equals_unit_sum,1
wind,38,425.0,425.0,0.0,425.0,confirmed_reported_equals_unit_sum,2
wind,39,851.6,851.6,0.0,851.6,confirmed_reported_equals_unit_sum,9
wind,40,195.0,195.0,0.0,195.0,confirmed_reported_equals_unit_sum,2
wind,42,946.5,946.5,0.0,946.5,confirmed_reported_equals_unit_sum,4
wind,44,1060.0,1060.0,0.0,1060.0,confirmed_reported_equals_unit_sum,10
wind,45,99.8,99.8,0.0,99.8,confirmed_reported_equals_unit_sum,1
wind,46,265.8,265.8,0.0,265.8,confirmed_reported_equals_unit_sum,3
wind,47,100.0,100.0,0.0,100.0,confirmed_reported_equals_unit_sum,1
wind,48,616.25,616.25,0.0,616.25,confirmed_reported_equals_unit_sum,7
wind,50,272.0,272.0,0.0,272.0,confirmed_reported_equals_unit_sum,3
wind,54,,528.3,,528.3,calculated_unit_sum_reported_missing,3
wind,55,96.0,96.0,0.0,96.0,confirmed_reported_equals_unit_sum,2
wind,56,248.5,248.5,0.0,248.5,confirmed_reported_equals_unit_sum,3
wind,58,94.8,94.8,0.0,94.8,confirmed_reported_equals_unit_sum,2
wind,59,149.0,149.0,0.0,149.0,confirmed_reported_equals_unit_sum,1
wind,60,222.20000000000002,222.20000000000002,0.0,222.20000000000002,confirmed_reported_equals_unit_sum,3
wind,61,2040.2,2040.2,0.0,2040.2,confirmed_reported_equals_unit_sum,18
wind,62,1037.5500000000002,1037.55,2.2737367544323206e-13,1037.5500000000002,confirmed_reported_equals_unit_sum,11
wind,63,345.0,345.0,0.0,345.0,confirmed_reported_equals_unit_sum,2
wind,66,968.8,968.8,0.0,968.8,confirmed_reported_equals_unit_sum,16
wind,67,82.0,82.0,0.0,82.0,confirmed_reported_equals_unit_sum,2
wind,68,854.2,854.2,0.0,854.2,confirmed_reported_equals_unit_sum,9
wind,69,650.0,650.0,0.0,650.0,confirmed_reported_equals_unit_sum,3
wind,70,,304.0,,304.0,calculated_unit_sum_reported_missing,1
wind,77,221.55,221.55,0.0,221.55,confirmed_reported_equals_unit_sum,6
wind,79,462.5,462.5,0.0,462.5,confirmed_reported_equals_unit_sum,2
wind,80,275.0,275.0,0.0,275.0,confirmed_reported_equals_unit_sum,3
wind,81,648.6,648.6,0.0,648.6,confirmed_reported_equals_unit_sum,3
wind,83,666.9,666.9,0.0,666.9,confirmed_reported_equals_unit_sum,5
wind,86,2583.65,2583.65,0.0,2583.65,confirmed_reported_equals_unit_sum,19
wind,88,2130.7,2130.7,0.0,2130.7,confirmed_reported_equals_unit_sum,23
wind,89,1927.4,1927.4,0.0,1927.4,confirmed_reported_equals_unit_sum,13
solar,9,160.0,160.0,0.0,160.0,confirmed_reported_equals_unit_sum,8
solar,10,150.0,150.0,0.0,150.0,confirmed_reported_equals_unit_sum,6
solar,11,1050.74,1050.74,0.0,1050.74,confirmed_reported_equals_unit_sum,27
solar,12,573.579,573.579,0.0,573.579,confirmed_reported_equals_unit_sum,10
solar,13,152.0,152.0,0.0,152.0,confirmed_reported_equals_unit_sum,2
solar,14,848.0,848.0,0.0,848.0,confirmed_reported_equals_unit_sum,22
solar,15,881.9,881.9,0.0,881.9,confirmed_reported_equals_unit_sum,12
solar,16,746.4269999999999,746.4269999999999,0.0,746.4269999999999,confirmed_reported_equals_unit_sum,5
solar,17,53.730000000000004,53.730000000000004,0.0,53.730000000000004,confirmed_reported_equals_unit_sum,3
solar,18,40.0,40.0,0.0,40.0,confirmed_reported_equals_unit_sum,3
solar,19,278.0,278.0,0.0,278.0,confirmed_reported_equals_unit_sum,10
solar,20,306.2,306.2,0.0,306.2,confirmed_reported_equals_unit_sum,8
solar,21,212.75,212.75,0.0,212.75,confirmed_reported_equals_unit_sum,10
solar,22,1413.0,1413.0,0.0,1413.0,confirmed_reported_equals_unit_sum,17
solar,23,170.0,170.0,0.0,170.0,confirmed_reported_equals_unit_sum,6
solar,25,286.0,286.0,0.0,286.0,confirmed_reported_equals_unit_sum,7
solar,26,838.9,838.9,0.0,838.9,confirmed_reported_equals_unit_sum,6
solar,27,228.0,228.0,0.0,228.0,confirmed_reported_equals_unit_sum,12
solar,28,316.0,316.0,0.0,316.0,confirmed_reported_equals_unit_sum,2
solar,29,150.6,150.6,0.0,150.6,confirmed_reported_equals_unit_sum,2
solar,30,230.115,230.115,0.0,230.115,confirmed_reported_equals_unit_sum,3
solar,31,729.29,729.29,0.0,729.29,confirmed_reported_equals_unit_sum,6
solar,32,230.38400000000001,230.38400000000001,0.0,230.38400000000001,confirmed_reported_equals_unit_sum,2
solar,33,245.45,245.45,0.0,245.45,confirmed_reported_equals_unit_sum,3
solar,34,147.94,147.94,0.0,147.94,confirmed_reported_equals_unit_sum,2
solar,36,407.3,407.3,0.0,407.3,confirmed_reported_equals_unit_sum,14
solar,37,30.646,30.646,0.0,30.646,confirmed_reported_equals_unit_sum,2
solar,38,315.0,315.0,0.0,315.0,confirmed_reported_equals_unit_sum,10
solar,39,214.9,214.9,0.0,214.9,confirmed_reported_equals_unit_sum,8
solar,40,49.0,49.0,0.0,49.0,confirmed_reported_equals_unit_sum,1
solar,42,1666.65,1666.65,0.0,1666.65,confirmed_reported_equals_unit_sum,18
solar,43,685.56,685.56,0.0,685.56,confirmed_reported_equals_unit_sum,5
solar,44,229.0,229.0,0.0,229.0,confirmed_reported_equals_unit_sum,8
solar,45,470.0,470.0,0.0,470.0,confirmed_reported_equals_unit_sum,6
solar,46,931.5,931.5,0.0,931.5,confirmed_reported_equals_unit_sum,24
solar,47,585.672,585.672,0.0,585.672,confirmed_reported_equals_unit_sum,8
solar,48,254.56,172.0,82.56,,blocked_reported_unit_sum_conflict,7
solar,50,999.9799999999999,999.9799999999999,0.0,999.9799999999999,confirmed_reported_equals_unit_sum,7
solar,53,112.335,112.335,0.0,112.335,confirmed_reported_equals_unit_sum,1
solar,54,1140.0,1140.0,0.0,1140.0,confirmed_reported_equals_unit_sum,3
solar,55,202.142,202.142,0.0,202.142,confirmed_reported_equals_unit_sum,2
solar,56,159.07999999999998,159.07999999999998,0.0,159.07999999999998,confirmed_reported_equals_unit_sum,2
solar,58,553.758,553.758,0.0,553.758,confirmed_reported_equals_unit_sum,7
solar,59,248.4,248.4,0.0,248.4,confirmed_reported_equals_unit_sum,11
solar,60,38.4,38.4,0.0,38.4,confirmed_reported_equals_unit_sum,1
solar,61,1159.48,1159.48,0.0,1159.48,confirmed_reported_equals_unit_sum,12
solar,62,414.86,414.86,0.0,414.86,confirmed_reported_equals_unit_sum,2
solar,63,46.0,46.0,0.0,46.0,confirmed_reported_equals_unit_sum,1
solar,66,488.71999999999997,488.71999999999997,0.0,488.71999999999997,confirmed_reported_equals_unit_sum,6
solar,67,234.16,234.16,0.0,234.16,confirmed_reported_equals_unit_sum,3
solar,68,1708.97,1708.97,0.0,1708.97,confirmed_reported_equals_unit_sum,5
solar,69,1880.01,1880.01,0.0,1880.01,confirmed_reported_equals_unit_sum,5
solar,70,50.0,50.0,0.0,50.0,confirmed_reported_equals_unit_sum,1
solar,77,200.0,200.0,0.0,200.0,confirmed_reported_equals_unit_sum,1
solar,79,397.2,397.2,0.0,397.2,confirmed_reported_equals_unit_sum,3
solar,80,631.4399999999999,631.44,1.1368683772161603e-13,631.4399999999999,confirmed_reported_equals_unit_sum,8
solar,81,965.5,965.5,0.0,965.5,confirmed_reported_equals_unit_sum,2
solar,83,796.2,796.2,0.0,796.2,confirmed_reported_equals_unit_sum,3
solar,86,232.79899999999998,232.79899999999998,0.0,232.79899999999998,confirmed_reported_equals_unit_sum,6
solar,88,1898.6999999999998,1898.7,2.2737367544323206e-13,1898.6999999999998,confirmed_reported_equals_unit_sum,8
solar,89,3042.3799999999997,3042.38,4.547473508864641e-13,3042.3799999999997,confirmed_reported_equals_unit_sum,13
