line_id,from_node,to_node,thermal_limit_mw,resistance_source,reactance_source,reactance_actual,voltage_kv,base_impedance,capacitance_actual,capacitance_pu,undirected_pair,parallel_count_for_pair
1,1,2,6568,0.0001,0.0032775,32.775,1000,10000,0.030511060259344015,3.0511060259344015e-06,1-2,1
2,1,7,9430,7.03e-05,0.0022825,22.825,1000,10000,0.04381161007667032,4.381161007667032e-06,1-7,1
3,2,3,8144,9.2e-05,0.002643,26.43,1000,10000,0.037835792659856225,3.7835792659856225e-06,2-3,1
4,2,9,10000,2.45e-05,0.0004535,4.535,1000,10000,0.2205071664829107,2.205071664829107e-05,2-9,1
5,3,4,10000,6.4e-05,0.0021525,21.525,1000,10000,0.04645760743321719,4.645760743321719e-06,3-4,1
6,3,10,5903,0.000212,0.0036465,36.465,1000,10000,0.02742355683532154,2.742355683532154e-06,3-10,1
7,3,11,10000,4.15e-05,0.00053,5.3,1000,10000,0.18867924528301888,1.8867924528301888e-05,3-11,1
8,4,5,10000,3.95e-05,0.0015012,15.012,1000,10000,0.06661337596589395,6.661337596589395e-06,4-5,1
9,4,12,10000,9.4e-05,0.0019084,19.084,1000,10000,0.05239991616013415,5.239991616013414e-06,4-12,1
10,4,13,10000,7.32e-05,0.0014858,14.858,1000,10000,0.06730380939561179,6.730380939561178e-06,4-13,1
11,5,7,7543,8.5e-05,0.0028537,28.537,1000,10000,0.03504222588218804,3.5042225882188043e-06,5-7,1
12,5,14,10000,4.15e-05,0.000867,8.67,1000,10000,0.11534025374855825,1.1534025374855825e-05,5-14,1
13,5,15,10000,6.62e-05,0.0010803,10.802999999999999,1000,10000,0.09256687957048969,9.25668795704897e-06,5-15,1
14,5,16,9912,0.0001315,0.0021717,21.717,1000,10000,0.04604687571948243,4.604687571948243e-06,5-16,1
15,5,17,4835,0.0002554,0.0044515,44.515,1000,10000,0.022464337863641468,2.246433786364147e-06,5-17,1
16,6,5,10000,2.5e-05,0.0008415,8.415000000000001,1000,10000,0.11883541295306,1.1883541295306e-05,5-6,1
17,6,54,10000,4.27e-05,0.0006805,6.805,1000,10000,0.14695077149155034,1.4695077149155034e-05,6-54,1
18,6,57,10000,7e-05,0.0013975,13.975000000000001,1000,10000,0.07155635062611806,7.155635062611807e-06,6-57,1
19,6,67,2815,0.000401,0.007647,76.47,1000,10000,0.013077023669412841,1.307702366941284e-06,6-67,1
20,7,8,10000,5.85e-05,0.0020352,20.352,1000,10000,0.04913522012578616,4.913522012578616e-06,7-8,1
21,7,18,8987,0.000106,0.002395,23.95,1000,10000,0.04175365344467641,4.1753653444676405e-06,7-18,1
22,7,19,3936,0.000307,0.005469,54.69,1000,10000,0.018284878405558605,1.8284878405558606e-06,7-19,1
23,7,20,7818,0.0001315,0.0027533,27.533,1000,10000,0.03632005230087531,3.632005230087531e-06,7-20,1
24,7,21,7425,0.00015,0.002899,28.990000000000002,1000,10000,0.03449465332873405,3.4494653328734047e-06,7-21,1
25,7,22,10000,9.22e-05,0.0017792,17.792,1000,10000,0.05620503597122302,5.620503597122302e-06,7-22,1
26,12,53,2642,0.000597,0.008072,20.18,500,2500,0.049554013875123884,1.9821605550049552e-05,12-53,1
27,16,15,2985,0.000462,0.007144,17.86,500,2500,0.055991041433370664,2.2396416573348266e-05,15-16,1
28,19,18,4800,0.0001275,0.002888,7.22,500,2500,0.13850415512465375,5.54016620498615e-05,18-19,1
29,23,9,4800,0.0002165,0.0034826,8.7065,500,2500,0.11485671624648251,4.5942686498593007e-05,9-23,1
30,24,9,4800,0.000282,0.004245,10.612499999999999,500,2500,0.09422850412249706,3.7691401648998825e-05,9-24,1
31,24,23,4376,0.000348,0.004874,12.185,500,2500,0.08206811653672548,3.282724661469019e-05,23-24,1
32,25,10,4800,0.0001609,0.003207,8.0175,500,2500,0.12472715933894606,4.989086373557842e-05,10-25,1
33,26,11,4615,0.0002276,0.0046215,11.553749999999999,500,2500,0.08655198528616251,3.4620794114465006e-05,11-26,1
34,27,11,1911,0.000789,0.011159,27.8975,500,2500,0.03584550586970159,1.4338202347880636e-05,11-27,1
35,27,12,2174,0.000737,0.00981,24.525,500,2500,0.040774719673802244,1.63098878695209e-05,12-27,1
36,27,25,4800,0.0002142,0.0036342,9.0855,500,2500,0.11006548896593474,4.4026195586373894e-05,25-27,1
37,28,13,4800,0.0001375,0.0029795,7.4487499999999995,500,2500,0.13425071320691392,5.370028528276557e-05,13-28,1
38,28,25,2539,0.000341,0.0084,21.0,500,2500,0.047619047619047616,1.9047619047619046e-05,25-28,1
39,29,12,4800,0.000302,0.002644,6.61,500,2500,0.151285930408472,6.0514372163388794e-05,12-29,1
40,30,14,2321,0.000597,0.009187,22.9675,500,2500,0.043539784478066834,1.7415913791226733e-05,14-30,1
41,31,14,1920,0.000829,0.011106,27.765,500,2500,0.03601656762110571,1.4406627048442283e-05,14-31,1
42,31,17,2949,0.000427,0.007231,18.0775,500,2500,0.055317383487761024,2.212695339510441e-05,17-31,1
43,32,15,2204,0.000614,0.009678,24.195000000000004,500,2500,0.0413308534821244,1.6532341392849757e-05,15-32,1
44,33,16,4800,0.0001862,0.0027414,6.8535,500,2500,0.14591084847158386,5.836433938863355e-05,16-33,1
45,33,29,4800,0.0001785,0.0025155,6.28875,500,2500,0.1590141125024846,6.360564500099384e-05,29-33,1
46,34,17,2733,0.000467,0.007804,19.51,500,2500,0.05125576627370579,2.0502306509482317e-05,17-34,1
47,35,17,3034,0.000417,0.007028,17.57,500,2500,0.05691519635742743,2.276607854297097e-05,17-35,1
48,35,33,4800,0.0001325,0.0018553,4.63825,500,2500,0.2155985554896782,8.623942219587128e-05,33-35,1
49,35,34,4800,0.0001832,0.0025685,6.42125,500,2500,0.1557329180455519,6.229316721822075e-05,34-35,1
50,36,19,1887,0.000869,0.011299,28.2475,500,2500,0.035401362952473675,1.416054518098947e-05,19-36,1
51,37,19,3166,0.000591,0.006736,16.84,500,2500,0.05938242280285036,2.3752969121140145e-05,19-37,1
52,38,19,1848,0.00088,0.011539,28.8475,500,2500,0.03466504896438166,1.3866019585752664e-05,19-38,1
53,38,36,4800,0.000345,0.004145,10.3625,500,2500,0.09650180940892641,3.8600723763570563e-05,36-38,1
54,39,19,4800,0.000324,0.003438,8.595,500,2500,0.11634671320535193,4.6538685282140774e-05,19-39,1
55,40,20,4800,0.0003,0.003596,8.99,500,2500,0.11123470522803114,4.449388209121245e-05,20-40,1
56,40,37,4800,0.000172,0.002347,5.867500000000001,500,2500,0.17043033659991477,6.817213463996591e-05,37-40,1
57,41,20,4800,0.000145,0.002039,5.0975,500,2500,0.196174595389897,7.84698381559588e-05,20-41,1
58,41,37,4800,0.000325,0.004443,11.1075,500,2500,0.09002925950934054,3.6011703803736215e-05,37-41,1
59,42,21,3169,0.000739,0.006729,16.822499999999998,500,2500,0.059444196760291286,2.3777678704116515e-05,21-42,1
60,42,22,1838,0.001002,0.011605,29.012500000000003,500,2500,0.034467901766479965,1.3787160706591986e-05,22-42,1
61,43,21,1846,0.000932,0.011554,28.885,500,2500,0.0346200450060585,1.3848018002423401e-05,21-43,1
62,43,42,3272,0.000475,0.006518,16.295,500,2500,0.061368517950291496,2.4547407180116597e-05,42-43,1
63,44,22,2994,0.000688,0.007122,17.805,500,2500,0.05616399887672002,2.246559955068801e-05,22-44,1
64,44,39,4800,9.97e-05,0.001814,4.535,500,2500,0.2205071664829107,8.820286659316427e-05,39-44,1
65,45,23,4800,0.0,1e-06,0.0025,500,2500,400.0,0.16,23-45,1
66,46,23,4800,0.000392,0.003946,9.865,500,2500,0.10136847440446022,4.054738976178409e-05,23-46,1
67,47,23,1929,0.00117,0.011053,27.6325,500,2500,0.03618926988148014,1.4475707952592057e-05,23-47,1
68,47,37,2375,0.000876,0.00898,22.45,500,2500,0.044543429844097995,1.7817371937639198e-05,37-47,1
69,47,45,4800,0.000374,0.003543,8.8575,500,2500,0.11289867344058707,4.5159469376234826e-05,45-47,1
70,47,46,4490,0.0003665,0.0047495,11.873750000000001,500,2500,0.0842193915148963,3.368775660595852e-05,46-47,1
71,48,24,4800,0.0001197,0.0025237,6.30925,500,2500,0.15849744422871181,6.339897769148473e-05,24-48,1
72,48,26,3693,0.000306,0.005775,14.4375,500,2500,0.06926406926406926,2.7705627705627707e-05,26-48,1
73,49,26,4800,0.000169,0.003341,8.3525,500,2500,0.1197246333433104,4.7889853337324165e-05,26-49,1
74,50,26,4013,0.000276,0.005314,13.285,500,2500,0.07527286413248024,3.0109145652992098e-05,26-50,1
75,50,46,4800,0.000147,0.002185,5.4624999999999995,500,2500,0.1830663615560641,7.322654462242564e-05,46-50,1
76,50,49,4800,0.000142,0.002094,5.234999999999999,500,2500,0.19102196752626555,7.640878701050622e-05,49-50,1
77,51,27,4800,0.0001242,0.001758,4.3950000000000005,500,2500,0.22753128555176336,9.101251422070534e-05,27-51,1
78,52,27,1404,0.001085,0.015186,37.964999999999996,500,2500,0.02634005004609509,1.0536020018438035e-05,27-52,1
79,53,4,4800,1.8e-05,0.0006525,1.6312499999999999,500,2500,0.6130268199233717,0.0002452107279693487,4-53,1
80,53,16,1970,0.000535,0.010828,27.07,500,2500,0.03694126339120798,1.4776505356483191e-05,16-53,1
81,53,27,3680,0.00042,0.005796,14.49,500,2500,0.06901311249137336,2.7605244996549345e-05,27-53,1
82,53,28,4800,0.000114,0.00325,8.125,500,2500,0.12307692307692308,4.923076923076923e-05,28-53,1
83,53,32,1958,0.000526,0.010893,27.232499999999998,500,2500,0.036720829890755535,1.4688331956302214e-05,32-53,1
84,54,30,4300,0.000363,0.00496,12.4,500,2500,0.08064516129032258,3.2258064516129034e-05,30-54,1
85,54,31,2898,0.000557,0.007358,18.395,500,2500,0.054362598532209844,2.1745039412883936e-05,31-54,1
86,55,30,4800,9.75e-05,0.001483,3.7075,500,2500,0.26972353337828725,0.0001078894133513149,30-55,1
87,55,47,4177,0.0003647,0.0051054,12.7635,500,2500,0.07834841540329847,3.133936616131939e-05,47-55,1
88,56,31,3482,0.000687,0.006124,15.31,500,2500,0.06531678641410843,2.612671456564337e-05,31-56,1
89,56,35,4800,0.000362,0.004296,10.74,500,2500,0.0931098696461825,3.7243947858473e-05,35-56,1
90,57,31,2123,0.00093,0.010046,25.115,500,2500,0.039816842524387816,1.5926737009755125e-05,31-57,1
91,58,32,3445,0.000423,0.00619,15.475,500,2500,0.06462035541195477,2.5848142164781907e-05,32-58,1
92,58,52,2446,0.00056,0.008718,21.795,500,2500,0.045882083046570314,1.8352833218628126e-05,52-58,1
93,59,32,4800,0.0001525,0.0019578,4.8945,500,2500,0.20431096128307286,8.172438451322914e-05,32-59,1
94,60,34,4800,0.0001176,0.0020352,5.088,500,2500,0.19654088050314464,7.861635220125786e-05,34-60,1
95,61,34,3045,0.000684,0.007003,17.5075,500,2500,0.0571183778380694,2.284735113522776e-05,34-61,1
96,61,56,4800,0.0,1e-06,0.0025,500,2500,400.0,0.16,56-61,1
97,62,36,4800,0.000272,0.004405,11.0125,500,2500,0.09080590238365495,3.632236095346198e-05,36-62,1
98,62,39,3709,0.000435,0.00575,14.375,500,2500,0.06956521739130435,2.782608695652174e-05,39-62,1
99,63,37,4800,0.0002716,0.0032722,8.1805,500,2500,0.12224191675325469,4.8896766701301873e-05,37-63,1
100,63,38,4800,0.000285,0.003799,9.4975,500,2500,0.10529086601737299,4.2116346406949195e-05,38-63,1
101,64,38,3874,0.0004925,0.0055055,13.76375,500,2500,0.07265461810916356,2.9061847243665425e-05,38-64,1
102,65,38,4800,6.45e-05,0.0006585,1.64625,500,2500,0.6074411541381929,0.00024297646165527716,38-65,1
103,66,39,3149,0.0003,0.006772,16.93,500,2500,0.05906674542232723,2.3626698168930892e-05,39-66,1
104,67,40,4800,0.0003541,0.0037207,9.30175,500,2500,0.1075066519740909,4.300266078963636e-05,40-67,1
105,67,57,4083,0.000276,0.005223,13.057500000000001,500,2500,0.07658433850277617,3.063373540111047e-05,57-67,1
106,68,42,3607,0.000422,0.005912,14.78,500,2500,0.06765899864682003,2.706359945872801e-05,42-68,1
107,68,55,1787,0.000958,0.011934,29.835,500,2500,0.0335176805765041,1.3407072230601641e-05,55-68,1
108,69,42,4800,0.0001148,0.0025002,6.250500000000001,500,2500,0.15998720102391806,6.399488040956723e-05,42-69,1
109,70,43,4458,0.0003765,0.004784,11.96,500,2500,0.08361204013377926,3.3444816053511705e-05,43-70,1
110,71,43,4800,9.72e-05,0.0019025,4.75625,500,2500,0.21024967148488832,8.409986859395533e-05,43-71,1
111,72,44,4800,0.000382,0.003777,9.4425,500,2500,0.10590415673815197,4.2361662695260785e-05,44-72,1
112,72,62,3426,0.000456,0.006225,15.562499999999998,500,2500,0.06425702811244981,2.5702811244979923e-05,62-72,1
113,73,46,4800,4.65e-05,0.000691,1.7275,500,2500,0.5788712011577424,0.00023154848046309695,46-73,1
114,74,47,2743,0.000691,0.007776,19.44,500,2500,0.05144032921810699,2.0576131687242797e-05,47-74,1
115,75,56,3324,0.000285,0.006415,16.037499999999998,500,2500,0.062353858144972726,2.494154325798909e-05,56-75,1
116,75,61,2021,0.000577,0.010551,26.377499999999998,500,2500,0.03791109847407829,1.5164439389631315e-05,61-75,1
117,75,70,1750,0.000695,0.012185,30.4625,500,2500,0.03282724661469019,1.3130898645876076e-05,70-75,1
118,76,56,2939,0.0003512,0.007257,18.142500000000002,500,2500,0.055119195259749204,2.2047678103899683e-05,56-76,1
119,76,60,4800,0.0002222,0.0043795,10.948749999999999,500,2500,0.09133462724055258,3.6533850896221034e-05,60-76,1
120,76,61,4800,0.0001415,0.002736,6.840000000000001,500,2500,0.14619883040935672,5.8479532163742686e-05,61-76,1
121,77,60,4800,9.9e-05,0.002241,5.6025,500,2500,0.178491744756805,7.1396697902722e-05,60-77,1
122,78,61,1310,0.000725,0.016279,40.6975,500,2500,0.024571533878002337,9.828613551200936e-06,61-78,1
123,79,65,4800,0.000134,0.0024565,6.141249999999999,500,2500,0.1628332994097293,6.513331976389172e-05,65-79,1
124,80,66,4800,0.000222,0.003461,8.6525,500,2500,0.11557353366079168,4.622941346431667e-05,66-80,1
125,80,79,4800,0.0002107,0.0039822,9.9555,500,2500,0.10044698910150168,4.017879564060067e-05,79-80,1
126,81,68,4800,0.0001185,0.0024199,6.04975,500,2500,0.16529608661514938,6.611843464605975e-05,68-81,1
127,82,68,3971,0.000332,0.0053707,13.42675,500,2500,0.07447818720092353,2.9791274880369412e-05,68-82,1
128,83,69,4800,0.000123,0.002589,6.4725,500,2500,0.1544998068752414,6.179992275009656e-05,69-83,1
129,83,81,4800,0.000234,0.004072,10.18,500,2500,0.09823182711198429,3.929273084479372e-05,81-83,1
130,84,70,4800,0.000103,0.002218,5.545,500,2500,0.18034265103697025,7.21370604147881e-05,70-84,1
131,85,70,2168,0.000656,0.009839,24.5975,500,2500,0.04065453806281126,1.6261815225124503e-05,70-85,1
132,85,75,2061,0.000562,0.010348,25.869999999999997,500,2500,0.03865481252415926,1.5461925009663704e-05,75-85,1
133,86,78,4800,0.0001165,0.002531,6.3275,500,2500,0.15804030027657054,6.321612011062822e-05,78-86,1
134,87,83,4800,8.9e-05,0.0020165,5.04125,500,2500,0.1983635011157947,7.934540044631788e-05,83-87,1
135,88,84,3340,0.000294,0.006386,15.965,500,2500,0.06263701847792046,2.5054807391168182e-05,84-88,1
136,88,85,4800,0.000203,0.004408,11.02,500,2500,0.09074410163339383,3.6297640653357535e-05,85-88,1
137,89,85,4800,0.0002427,0.0028253,7.063250000000001,500,2500,0.14157788553427952,5.663115421371181e-05,85-89,1
138,89,86,4800,0.00024,0.0032995,8.24875,500,2500,0.12123048946810124,4.8492195787240494e-05,86-89,1
139,90,86,4800,0.000253,0.003026,7.565,500,2500,0.13218770654329146,5.2875082617316584e-05,86-90,1
140,91,78,3295,0.000286,0.006473,16.182499999999997,500,2500,0.06179514908079717,2.4718059632318868e-05,78-91,1
