node_index,node_id,has_wind_series,has_solar_series,has_load_series,wind_capacity_candidate_mw,wind_capacity_status,solar_capacity_candidate_mw,solar_capacity_status,has_any_wsl_series
0,1,0,0,0,,not_applicable,,not_applicable,0
1,2,0,0,1,,not_applicable,,not_applicable,1
2,3,0,0,1,,not_applicable,,not_applicable,1
3,4,0,0,1,,not_applicable,,not_applicable,1
4,5,0,0,1,,not_applicable,,not_applicable,1
5,6,0,0,1,,not_applicable,,not_applicable,1
6,7,0,0,1,,not_applicable,,not_applicable,1
7,8,0,0,1,,not_applicable,,not_applicable,1
8,9,1,1,1,877.35,confirmed_reported_equals_unit_sum,160.0,confirmed_reported_equals_unit_sum,1
9,10,1,1,1,498.9,confirmed_reported_equals_unit_sum,150.0,confirmed_reported_equals_unit_sum,1
10,11,1,1,1,354.7,confirmed_reported_equals_unit_sum,1050.74,confirmed_reported_equals_unit_sum,1
11,12,1,1,1,714.6999999999999,confirmed_reported_equals_unit_sum,573.579,confirmed_reported_equals_unit_sum,1
12,13,1,1,1,265.6,confirmed_reported_equals_unit_sum,152.0,confirmed_reported_equals_unit_sum,1
13,14,1,1,1,539.5,confirmed_reported_equals_unit_sum,848.0,confirmed_reported_equals_unit_sum,1
14,15,1,1,1,495.6,confirmed_reported_equals_unit_sum,881.9,confirmed_reported_equals_unit_sum,1
15,16,1,1,1,513.0,confirmed_reported_equals_unit_sum,746.4269999999999,confirmed_reported_equals_unit_sum,1
16,17,1,1,1,262.0,confirmed_reported_equals_unit_sum,53.730000000000004,confirmed_reported_equals_unit_sum,1
17,18,1,1,1,250.0,confirmed_reported_equals_unit_sum,40.0,confirmed_reported_equals_unit_sum,1
18,19,1,1,1,99.0,confirmed_reported_equals_unit_sum,278.0,confirmed_reported_equals_unit_sum,1
19,20,1,1,1,99.4,confirmed_reported_equals_unit_sum,306.2,confirmed_reported_equals_unit_sum,1
20,21,1,1,1,79.5,confirmed_reported_equals_unit_sum,212.75,confirmed_reported_equals_unit_sum,1
21,22,1,1,1,936.2,confirmed_reported_equals_unit_sum,1413.0,confirmed_reported_equals_unit_sum,1
22,23,1,1,1,449.5,confirmed_reported_equals_unit_sum,170.0,confirmed_reported_equals_unit_sum,1
23,24,0,0,1,,not_applicable,,not_applicable,1
24,25,1,1,1,365.9,confirmed_reported_equals_unit_sum,286.0,confirmed_reported_equals_unit_sum,1
25,26,1,1,1,463.0,confirmed_reported_equals_unit_sum,838.9,confirmed_reported_equals_unit_sum,1
26,27,1,1,1,308.9,confirmed_reported_equals_unit_sum,228.0,confirmed_reported_equals_unit_sum,1
27,28,1,1,1,374.8,confirmed_reported_equals_unit_sum,316.0,confirmed_reported_equals_unit_sum,1
28,29,1,1,1,218.5,confirmed_reported_equals_unit_sum,150.6,confirmed_reported_equals_unit_sum,1
29,30,1,1,1,48.0,confirmed_reported_equals_unit_sum,230.115,confirmed_reported_equals_unit_sum,1
30,31,1,1,1,,blocked_reported_unit_sum_conflict,729.29,confirmed_reported_equals_unit_sum,1
31,32,1,1,1,48.0,confirmed_reported_equals_unit_sum,230.38400000000001,confirmed_reported_equals_unit_sum,1
32,33,1,1,1,366.5,confirmed_reported_equals_unit_sum,245.45,confirmed_reported_equals_unit_sum,1
33,34,1,1,1,216.6,confirmed_reported_equals_unit_sum,147.94,confirmed_reported_equals_unit_sum,1
34,35,0,0,1,,not_applicable,,not_applicable,1
35,36,1,1,1,200.0,confirmed_reported_equals_unit_sum,407.3,confirmed_reported_equals_unit_sum,1
36,37,1,1,1,200.0,confirmed_reported_equals_unit_sum,30.646,confirmed_reported_equals_unit_sum,1
37,38,1,1,1,425.0,confirmed_reported_equals_unit_sum,315.0,confirmed_reported_equals_unit_sum,1
38,39,1,1,1,851.6,confirmed_reported_equals_unit_sum,214.9,confirmed_reported_equals_unit_sum,1
39,40,1,1,1,195.0,confirmed_reported_equals_unit_sum,49.0,confirmed_reported_equals_unit_sum,1
40,41,0,0,1,,not_applicable,,not_applicable,1
41,42,1,1,1,946.5,confirmed_reported_equals_unit_sum,1666.65,confirmed_reported_equals_unit_sum,1
42,43,0,1,0,,not_applicable,685.56,confirmed_reported_equals_unit_sum,1
43,44,1,1,1,1060.0,confirmed_reported_equals_unit_sum,229.0,confirmed_reported_equals_unit_sum,1
44,45,1,1,1,99.8,confirmed_reported_equals_unit_sum,470.0,confirmed_reported_equals_unit_sum,1
45,46,1,1,1,265.8,confirmed_reported_equals_unit_sum,931.5,confirmed_reported_equals_unit_sum,1
46,47,1,1,1,100.0,confirmed_reported_equals_unit_sum,585.672,confirmed_reported_equals_unit_sum,1
47,48,1,1,1,616.25,confirmed_reported_equals_unit_sum,,blocked_reported_unit_sum_conflict,1
48,49,0,0,1,,not_applicable,,not_applicable,1
49,50,1,1,1,272.0,confirmed_reported_equals_unit_sum,999.9799999999999,confirmed_reported_equals_unit_sum,1
50,51,0,0,1,,not_applicable,,not_applicable,1
51,52,0,0,0,,not_applicable,,not_applicable,0
52,53,0,1,1,,not_applicable,112.335,confirmed_reported_equals_unit_sum,1
53,54,1,1,1,528.3,calculated_unit_sum_reported_missing,1140.0,confirmed_reported_equals_unit_sum,1
54,55,1,1,1,96.0,confirmed_reported_equals_unit_sum,202.142,confirmed_reported_equals_unit_sum,1
55,56,1,1,1,248.5,confirmed_reported_equals_unit_sum,159.07999999999998,confirmed_reported_equals_unit_sum,1
56,57,0,0,0,,not_applicable,,not_applicable,0
57,58,1,1,1,94.8,confirmed_reported_equals_unit_sum,553.758,confirmed_reported_equals_unit_sum,1
58,59,1,1,0,149.0,confirmed_reported_equals_unit_sum,248.4,confirmed_reported_equals_unit_sum,1
59,60,1,1,1,222.20000000000002,confirmed_reported_equals_unit_sum,38.4,confirmed_reported_equals_unit_sum,1
60,61,1,1,1,2040.2,confirmed_reported_equals_unit_sum,1159.48,confirmed_reported_equals_unit_sum,1
61,62,1,1,1,1037.5500000000002,confirmed_reported_equals_unit_sum,414.86,confirmed_reported_equals_unit_sum,1
62,63,1,1,1,345.0,confirmed_reported_equals_unit_sum,46.0,confirmed_reported_equals_unit_sum,1
63,64,0,0,0,,not_applicable,,not_applicable,0
64,65,0,0,1,,not_applicable,,not_applicable,1
65,66,1,1,1,968.8,confirmed_reported_equals_unit_sum,488.71999999999997,confirmed_reported_equals_unit_sum,1
66,67,1,1,1,82.0,confirmed_reported_equals_unit_sum,234.16,confirmed_reported_equals_unit_sum,1
67,68,1,1,1,854.2,confirmed_reported_equals_unit_sum,1708.97,confirmed_reported_equals_unit_sum,1
68,69,1,1,1,650.0,confirmed_reported_equals_unit_sum,1880.01,confirmed_reported_equals_unit_sum,1
69,70,1,1,0,304.0,calculated_unit_sum_reported_missing,50.0,confirmed_reported_equals_unit_sum,1
70,71,0,0,0,,not_applicable,,not_applicable,0
71,72,0,0,1,,not_applicable,,not_applicable,1
72,73,0,0,1,,not_applicable,,not_applicable,1
73,74,0,0,0,,not_applicable,,not_applicable,0
74,75,0,0,0,,not_applicable,,not_applicable,0
75,76,0,0,0,,not_applicable,,not_applicable,0
76,77,1,1,1,221.55,confirmed_reported_equals_unit_sum,200.0,confirmed_reported_equals_unit_sum,1
77,78,0,0,1,,not_applicable,,not_applicable,1
78,79,1,1,1,462.5,confirmed_reported_equals_unit_sum,397.2,confirmed_reported_equals_unit_sum,1
79,80,1,1,1,275.0,confirmed_reported_equals_unit_sum,631.4399999999999,confirmed_reported_equals_unit_sum,1
80,81,1,1,1,648.6,confirmed_reported_equals_unit_sum,965.5,confirmed_reported_equals_unit_sum,1
81,82,0,0,0,,not_applicable,,not_applicable,0
82,83,1,1,1,666.9,confirmed_reported_equals_unit_sum,796.2,confirmed_reported_equals_unit_sum,1
83,84,0,0,0,,not_applicable,,not_applicable,0
84,85,0,0,0,,not_applicable,,not_applicable,0
85,86,1,1,1,2583.65,confirmed_reported_equals_unit_sum,232.79899999999998,confirmed_reported_equals_unit_sum,1
86,87,0,0,1,,not_applicable,,not_applicable,1
87,88,1,1,1,2130.7,confirmed_reported_equals_unit_sum,1898.6999999999998,confirmed_reported_equals_unit_sum,1
88,89,1,1,1,1927.4,confirmed_reported_equals_unit_sum,3042.3799999999997,confirmed_reported_equals_unit_sum,1
89,90,0,0,1,,not_applicable,,not_applicable,1
90,91,0,0,1,,not_applicable,,not_applicable,1
